Amino_Acid,Codon,RSCU_Victoria,RSCU_Yamagata,Preference_Status_Victoria,Contains_CpG,A_ended
Phe,UUU,1.45,1.42,Preferred,No,No
Phe,UUC,0.55,0.58,Avoided,No,No
Leu,UUA,1.18,1.15,Neutral,No,Yes
Leu,UUG,1.25,1.22,Preferred,No,No
Leu,CUU,0.82,0.85,Neutral,No,No
Leu,CUC,0.35,0.38,Avoided,No,No
Leu,CUA,0.75,0.78,Neutral,No,Yes
Leu,CUG,1.65,1.62,Strongly Preferred,No,No
Ile,AUU,1.58,1.55,Strongly Preferred,No,No
Ile,AUC,0.48,0.52,Avoided,No,No
Ile,AUA,0.94,0.93,Neutral,No,Yes
Met,AUG,1,1,Single codon,No,No
Val,GUU,1.42,1.38,Preferred,No,No
Val,GUC,0.65,0.68,Neutral,No,No
Val,GUA,0.88,0.92,Neutral,No,Yes
Val,GUG,1.05,1.02,Neutral,No,No
Ser,UCU,1.22,1.18,Preferred,No,No
Ser,UCC,0.68,0.72,Neutral,No,No
Ser,UCA,1.75,1.72,Strongly Preferred,No,Yes
Ser,UCG,0.28,0.32,Strongly Avoided (CpG),Yes,No
Ser,AGU,1.12,1.08,Preferred,No,No
Ser,AGC,0.95,0.98,Neutral,No,No
Pro,CCU,1.48,1.45,Preferred,No,No
Pro,CCC,0.85,0.88,Neutral,No,No
Pro,CCA,1.45,1.42,Preferred,No,Yes
Pro,CCG,0.22,0.25,Strongly Avoided (CpG),Yes,No
Thr,ACU,1.35,1.32,Preferred,No,No
Thr,ACC,0.72,0.75,Neutral,No,No
Thr,ACA,1.65,1.62,Strongly Preferred,No,Yes
Thr,ACG,0.28,0.31,Strongly Avoided (CpG),Yes,No
Ala,GCU,1.3,1.28,Preferred,No,No
Ala,GCC,0.82,0.85,Neutral,No,No
Ala,GCA,1.6,1.58,Strongly Preferred,No,Yes
Ala,GCG,0.28,0.29,Strongly Avoided (CpG),Yes,No
Tyr,UAU,1.48,1.45,Preferred,No,No
Tyr,UAC,0.52,0.55,Neutral,No,No
His,CAU,1.28,1.25,Preferred,No,No
His,CAC,0.72,0.75,Neutral,No,No
Gln,CAA,1.42,1.38,Preferred,No,Yes
Gln,CAG,0.58,0.62,Neutral,No,No
Asn,AAU,1.52,1.48,Preferred,No,No
Asn,AAC,0.48,0.52,Avoided,No,No
Lys,AAA,1.55,1.52,Preferred,No,Yes
Lys,AAG,0.45,0.48,Avoided,No,No
Asp,GAU,1.55,1.52,Preferred,No,No
Asp,GAC,0.45,0.48,Avoided,No,No
Glu,GAA,1.38,1.35,Preferred,No,Yes
Glu,GAG,0.62,0.65,Neutral,No,No
Cys,UGU,1.5,1.48,Preferred,No,No
Cys,UGC,0.5,0.52,Neutral,No,No
Trp,UGG,1,1,Single codon,No,No
Arg,CGU,0.35,0.38,Strongly Avoided (CpG),Yes,No
Arg,CGC,0.22,0.25,Strongly Avoided (CpG),Yes,No
Arg,CGA,0.48,0.52,Strongly Avoided (CpG),Yes,Yes
Arg,CGG,0.18,0.22,Strongly Avoided (CpG),Yes,No
Arg,AGA,3.2,3.15,Extremely Preferred,No,Yes
Arg,AGG,2.77,2.48,Strongly Preferred,No,No
Gly,GGU,1.28,1.25,Preferred,No,No
Gly,GGC,0.75,0.78,Neutral,No,No
Gly,GGA,1.78,1.75,Strongly Preferred,No,Yes
Gly,GGG,1.19,1.22,Preferred,No,No
