Amino_Acid,Codon,RSCU_D/Japan,RSCU_D/660,RSCU_D/OK,Preference_Status,Contains_CpG,A_ended
Ala,GCU,1.22,1.24,1.17,Preferred,No,No
Ala,GCC,0.51,0.55,0.52,Avoided,No,No
Ala,GCA,2.09,2.02,2.11,Strongly Preferred,No,Yes
Ala,GCG,0.18,0.2,0.21,Avoided,Yes,No
Cys,UGU,1.15,1.07,1.09,Neutral,No,No
Cys,UGC,0.85,0.93,0.91,Neutral,No,No
Asp,GAU,1.02,1.02,1.06,Neutral,No,No
Asp,GAC,0.98,0.98,0.94,Neutral,No,No
Glu,GAA,1.42,1.47,1.44,Preferred,No,Yes
Glu,GAG,0.58,0.53,0.56,Avoided,No,No
Phe,UUU,1,0.97,0.97,Neutral,No,No
Phe,UUC,1,1.03,1.03,Neutral,No,No
Gly,GGU,0.51,0.47,0.46,Avoided,No,No
Gly,GGC,0.44,0.56,0.34,Avoided,No,No
Gly,GGA,1.88,1.89,2.03,Strongly Preferred,No,Yes
Gly,GGG,1.17,1.09,1.17,Neutral,No,No
His,CAU,1.5,1.5,1.51,Preferred,No,No
His,CAC,0.5,0.5,0.49,Avoided,No,No
Ile,AUU,1.19,1.02,1.01,Neutral,No,No
Ile,AUC,0.49,0.61,0.68,Avoided,No,No
Ile,AUA,1.33,1.37,1.31,Preferred,No,Yes
Lys,AAA,1.19,1.17,1.19,Neutral,No,Yes
Lys,AAG,0.81,0.83,0.81,Neutral,No,No
Leu,UUA,0.34,0.59,0.55,Avoided,No,Yes
Leu,UUG,2.15,2.29,2.43,Strongly Preferred,No,No
Leu,CUU,1.35,1.43,1.36,Preferred,No,No
Leu,CUC,0.72,0.56,0.53,Neutral,No,No
Leu,CUA,0.76,0.64,0.77,Neutral,No,Yes
Leu,CUG,0.68,0.5,0.37,Avoided,No,No
Asn,AAU,0.89,0.93,0.84,Neutral,No,No
Asn,AAC,1.11,1.07,1.16,Neutral,No,No
Pro,CCU,1.97,1.9,1.92,Strongly Preferred,No,No
Pro,CCC,0.3,0.37,0.32,Avoided,No,No
Pro,CCA,1.06,1.3,1.31,Preferred,No,Yes
Pro,CCG,0.66,0.43,0.46,Avoided,Yes,No
Gln,CAA,1.39,1.5,1.39,Preferred,No,Yes
Gln,CAG,0.61,0.5,0.61,Avoided,No,No
Arg,CGU,0,0,0,Avoided,Yes,No
Arg,CGC,0,0.02,0,Avoided,Yes,No
Arg,CGA,0.26,0.24,0.24,Avoided,Yes,Yes
Arg,CGG,0.51,0.24,0.5,Avoided,Yes,No
Arg,AGA,3.69,3.55,3.89,Strongly Preferred,No,Yes
Arg,AGG,1.54,1.95,1.37,Strongly Preferred,No,No
Ser,UCU,1.21,1.44,1.43,Preferred,No,No
Ser,UCC,0.64,0.42,0.57,Avoided,No,No
Ser,UCA,1.58,1.79,1.53,Strongly Preferred,No,Yes
Ser,UCG,0.61,0.46,0.65,Avoided,Yes,No
Ser,AGU,0.71,0.93,0.74,Neutral,No,No
Ser,AGC,1.25,0.96,1.08,Neutral,No,No
Thr,ACU,1.32,1.4,1.38,Preferred,No,No
Thr,ACC,0.63,0.66,0.55,Neutral,No,No
Thr,ACA,1.85,1.84,1.89,Strongly Preferred,No,Yes
Thr,ACG,0.19,0.1,0.18,Avoided,Yes,No
Val,GUU,1.24,1.35,1.36,Preferred,No,No
Val,GUC,0.5,0.42,0.44,Avoided,No,No
Val,GUA,1.1,1.02,1.01,Neutral,No,Yes
Val,GUG,1.17,1.22,1.19,Neutral,No,No
Tyr,UAU,0.98,1.12,0.94,Neutral,No,No
Tyr,UAC,1.02,0.88,1.06,Neutral,No,No
,,,,,,,
,,,,,,,
,,,,,,,
,,,,,,,
,,,,,,,
,,,,,,,
,,,,,,,
,,,,,,,
,,,,,,,
,,,,,,,
,,,,,,,
,,,,,,,
,,,,,,,
,,,,,,,
,,,,,,,
,,,,,,,
,,,,,,,
,,,,,,,
,,,,,,,
,,,,,,,
,,,,,,,
,,,,,,,
,,,,,,,
,,,,,,,
,,,,,,,
,,,,,,,
,,,,,,,
,,,,,,,
,,,,,,,
,,,,,,,
,,,,,,,
,,,,,,,
,,,,,,,
,,,,,,,
,,,,,,,
,,,,,,,
,,,,,,,
,,,,,,,
,,,,,,,
,,,,,,,
,,,,,,,
,,,,,,,
,,,,,,,
,,,,,,,
,,,,,,,
,,,,,,,
,,,,,,,
,,,,,,,
,,,,,,,
,,,,,,,
,,,,,,,
,,,,,,,
,,,,,,,
,,,,,,,
,,,,,,,
,,,,,,,
,,,,,,,
,,,,,,,
,,,,,,,
,,,,,,,
,,,,,,,
,,,,,,,
,,,,,,,
,,,,,,,
,,,,,,,
