Amino_Acid,Codon,RSCU_Victoria,RSCU_Yamagata,Preference_Status_Victoria,Contains_CpG,A_ended
Phe,UUU,1.45,1.42,Preferred,No,No
Phe,UUC,0.55,0.58,Avoided,No,No
Leu,UUA,1.18,1.15,Neutral,No,Yes
Leu,UUG,1.25,1.22,Preferred,No,No
Leu,CUU,0.82,0.85,Neutral,No,No
Leu,CUC,0.35,0.38,Avoided,No,No
Leu,CUA,0.75,0.78,Neutral,No,Yes
Leu,CUG,1.65,1.62,Strongly Preferred,No,No
Ile,AUU,1.58,1.55,Strongly Preferred,No,No
Ile,AUC,0.48,0.52,Avoided,No,No
Ile,AUA,0.94,0.93,Neutral,No,Yes
Met,AUG,1.0,1.0,Single codon,No,No
Val,GUU,1.42,1.38,Preferred,No,No
Val,GUC,0.82,0.85,Neutral,No,No
Val,GUA,0.76,0.78,Avoided,No,Yes
Val,GUG,1.0,0.99,Neutral,No,No
Ser,UCU,1.7,1.68,Strongly Preferred,No,No
Ser,UCC,0.9,0.92,Neutral,No,No
Ser,UCA,1.74,1.72,Strongly Preferred,No,Yes
Ser,UCG,0.3,0.32,Avoided,Yes,No
Ser,AGU,1.2,1.18,Preferred,No,No
Ser,AGC,0.16,0.18,Avoided,Yes,No
Pro,CCU,1.68,1.66,Strongly Preferred,No,No
Pro,CCC,0.88,0.9,Neutral,No,No
Pro,CCA,1.5,1.48,Preferred,No,Yes
Pro,CCG,0.28,0.3,Avoided,Yes,No
Thr,ACU,1.75,1.73,Strongly Preferred,No,No
Thr,ACC,0.88,0.9,Neutral,No,No
Thr,ACA,1.5,1.48,Preferred,No,Yes
Thr,ACG,0.28,0.3,Avoided,Yes,No
Ala,GCU,1.94,1.92,Strongly Preferred,No,No
Ala,GCC,0.82,0.84,Neutral,No,No
Ala,GCA,1.48,1.46,Preferred,No,Yes
Ala,GCG,0.28,0.3,Avoided,Yes,No
Tyr,UAU,1.35,1.33,Preferred,No,No
Tyr,UAC,0.65,0.67,Avoided,No,No
His,CAU,1.32,1.3,Preferred,No,No
His,CAC,0.68,0.7,Avoided,No,No
Gln,CAA,1.74,1.72,Strongly Preferred,No,Yes
Gln,CAG,0.26,0.28,Avoided,No,No
Asn,AAU,1.34,1.32,Preferred,No,No
Asn,AAC,0.66,0.68,Avoided,No,No
Lys,AAA,1.42,1.4,Preferred,No,Yes
Lys,AAG,0.58,0.6,Avoided,No,No
Asp,GAU,1.38,1.36,Preferred,No,No
Asp,GAC,0.62,0.64,Avoided,No,No
Glu,GAA,1.69,1.67,Strongly Preferred,No,Yes
Glu,GAG,0.31,0.33,Avoided,No,No
Cys,UGU,1.22,1.2,Preferred,No,No
Cys,UGC,0.78,0.8,Avoided,Yes,No
Trp,UGG,1.0,1.0,Single codon,No,No
Arg,CGU,0.35,0.38,Avoided,Yes,No
Arg,CGC,0.25,0.28,Avoided,Yes,No
Arg,CGA,0.28,0.3,Avoided,Yes,Yes
Arg,CGG,0.3,0.32,Avoided,Yes,No
Arg,AGA,4.24,4.18,Extremely Preferred,No,Yes
Arg,AGG,0.58,0.54,Avoided,No,No
Gly,GGU,1.18,1.2,Preferred,No,No
Gly,GGC,0.62,0.64,Avoided,Yes,No
Gly,GGA,2.51,2.48,Extremely Preferred,No,Yes
Gly,GGG,0.69,0.68,Avoided,No,No
Stop,UAA,1.1,1.08,Neutral,No,Yes
Stop,UAG,0.95,0.96,Neutral,No,No
Stop,UGA,0.95,0.96,Neutral,No,Yes
