Accession,Nucleotide,Protein,Species,Genus,Family,Country,Host,Organization,Org_location,Protein_Sequence,Nucleotide_Sequence,Virus,Host_agg,Human
YP_009508931,NC_038306,VP2 protein,Enterovirus alphacoxsackie,Enterovirus,Picornaviridae,,,"National Center for Biotechnology Information, NIH",USA,SPSAEACGYSDRVAQLTVGNSTITTQEAANIIVSYAEWPEYCPDTDATAVDKPTRPDVSVNRFYTMPATLWETESKGWYWKFPDLLNEIGVFGQNAQYHYLYRSGFCIHVQCNASKFHQGALLVAVIPEFVVAEQDATQKPNTAKHPALEATQPGKKGRAFIHPYVLDCGVPXSQALVFPHQWINLRTNNCATIVVPYINALPFDSAINHSNFSLAVVPVCPLKYNTGATPSIPITITVAPLCSEFAGLRQAVKQ,,Coxsackievirus A2,unknown host,0
YP_009508932,NC_038306,VP3 protein,Enterovirus alphacoxsackie,Enterovirus,Picornaviridae,,,"National Center for Biotechnology Information, NIH",USA,GIPVEMKPGTNQFLTTDDGTSAPILPGFHPTPAIHIPGEVHSLLELCQVETMLEVNNTTRAVELDRLRIPVSAQSAVDTLCAAFRVDPGRDGPWQSTMVGQLCRYYTQWSGSLKITFMFTGSFMATGKMLVAYTPPGGAQPATRELAMLGTHVIWDFGLQSSVTLVIPWISNTHYRAVETGGVFDYYTTGVVTIWYQTNFVVPPDTPTSAYILAFGAGQKNFTLKLCKDTDEITQQAVLQ,,Coxsackievirus A2,unknown host,0
YP_009508933,NC_038306,VP1 protein,Enterovirus alphacoxsackie,Enterovirus,Picornaviridae,,,"National Center for Biotechnology Information, NIH",USA,GDGIEDAITNTVNATINRVLDRPISHSSTAANTQVSQHSIETGRVPALQAAETGATSNASDENLIETRCVVNKNSVEEASLNHFFSRAALVGKVELNDTGTAATGFTNWNIDIMGYAQLRRKLEMFTYMRFNAEFTFVATTRAGQVPSRVLQYMYVPPGAPKPDGREAFQWQSSTNPSVFSKMTDPPPQVSVPFMSPASAYQWFYDGYPTFGEHNGEDSLRYGQCPNNALGTFSVRFVSEEITNERITIRIYMRLKHIRAWVPRPLRSEPYVLKNFPNYTAVTHVTANRPSITNT,,Coxsackievirus A2,unknown host,0
YP_009508942,NC_038308,VP2 protein,Enterovirus deconjuncti,Enterovirus,Picornaviridae,USA,,"National Center for Biotechnology Information, NIH",USA,SPSAEACGYSDRVLQLKLGNSAIVTQEAANYCCAYGEWPNYLPDHEAVAIDKPTQPETSTDRFYTLRSVKWESNSTGWWWKLPDALNNIGMFGQNVQYHYLYRSGFLIHVQCNATKFHQGALLVVAIPEHQRGAHDTTTSPGFNDIMKGERGGTFNHPYVLDDGTSIACATIFPHQWINLRTNNSATIVLPWMNVAPMDFPLRHNQWTLAVIPVVPLGTRTMSSVVPITVSIAPMCCEFNGLRHAITQ,,enterovirus D68,unknown host,0
YP_009508943,NC_038308,VP3 protein,Enterovirus deconjuncti,Enterovirus,Picornaviridae,USA,,"National Center for Biotechnology Information, NIH",USA,GVPTYLLPGSGQFLTTDDHSSAPVLPCFNPTPEMHIPGQIRNMLEMIQVESMMEINNTDGANGMERLRVDISVQADLDQLLFNIPLDIQLDGPLRNTLVGNISRYYTHWSGSLEMTFMFCGSFMATGKLILCYTPPGGSCPTTRETAMLGTHIVWDFGLQSSITLIIPWISGSHYRMFNSDAKSTNANVGYVTCFMQTNLIVPSESSDTCSLIGFIAAKDDFSLRLMRDSPDIGQ,,enterovirus D68,unknown host,0
YP_009508944,NC_038308,VP1 protein,Enterovirus deconjuncti,Enterovirus,Picornaviridae,USA,,"National Center for Biotechnology Information, NIH",USA,SNHLHGAEAAYQVESIIKTATDTVKSEINAELGVVPSLNAVETGATSNTEPEEAIQTRTVINQHGVSETLVENFLGRAALVSKKSFEYKNHASSSAGTHKNFFKWTINTKSFVQLRRKLELFTYLRFDAEITILTTVAVNGNNDSTYMGLPDLTLQAMFVPTGALTPKEQDSFHWQSGSNASVFFKISDPPARMTIPFMCINSAYSVFYDGFAGFEKNGLYGINPADTIGNLCVRIVNEHQPVGFTVTVRVYMKPKHIKAWAPRPPRTMPYMSIANANYKGRDTAPNTLNAIIGNRASVTTMPHNIVTT,,enterovirus D68,unknown host,0
YP_009508953,NC_038309,1B (VP2),Enterovirus hesimi,Enterovirus,Picornaviridae,,,"National Center for Biotechnology Information, NIH",USA,SPSAEACGYSDRVAQLTIGNSTITTQEAANVVVAYGQWPEYLGPQDATAVDKPTQPDVASNRFYTLKTVSWQRNSTGWYWKFPDCLASVGLFGQNVQYHYLGRYGLAIHVQCNASKFHQGTLLVLAIPEWEIGVSNADRAPFNLTNPDKNGHTMTGQEAYCLHNGTNIHSSLVFPHQFINLRTNNCATLVLPYVGATPLDTPIKHNVWSLVVIPVVPLDYTTGATTQVPITITMAPMACEFNGLRNAITQ,,Simian enterovirus SV4,unknown host,0
YP_009508954,NC_038309,1C (VP3),Enterovirus hesimi,Enterovirus,Picornaviridae,,,"National Center for Biotechnology Information, NIH",USA,GLPVLNTPGSGQFVTTDNFQSPNLIPNFDVTQVFNSPGEIVNLQQYVQIEGIMEINNVANAENLERIRIPISVQSDIDEMLFAINCNPGTAQEFRRTPLGDVCRYYTQWSGSIQITFTFCGSFMTTGKLLICYTPPGGRVPGNREEAMLGTNVIWDFGLQSSVTLNIPWISGAHYRNASVNIDGFDNTGYVSAWFQTNMVVPPDAPTTAYILAFTSAKDDFSMRLLRDTTEISQDGFLQ,,Simian enterovirus SV4,unknown host,0
YP_009508955,NC_038309,1D (VP1),Enterovirus hesimi,Enterovirus,Picornaviridae,,,"National Center for Biotechnology Information, NIH",USA,GPIDQAIEKVITDVVSDTRESNSDFSIGTVPALNAVETGATSQASVESTIETRAVQNRHRTSEMSVESFLGRSSLVTRFTINNGGTDNTTKFHNWKINLKEVVQLRRKLEMFTYVRFDLEVTIVAVNLTGNGGVRYMYQAMYCPPGAPLPNNADQYLWQSSTNPSIIGAVGEVPGRVSVPFVSNANMYATFYDGYPSFGNINGQGNGSDYGAFIPNDMGTLCFRLLNIFNNGPQIQFRVFMKPKHVRVWCPRPCRTLQYVKLGTPRYSAQDTHLNKMTTDRTNIKTVVNYVMSGYSRTIEQY,,Simian enterovirus SV4,unknown host,0
YP_009508964,NC_038310,capsid protein VP2,Enterovirus idromi,Enterovirus,Picornaviridae,United Arab Emirates,Camelus dromedarius,"National Center for Biotechnology Information, NIH",USA,SPSAEACGYSDRVAQLTLGNSTITTQEAANIVVAYGRWPEHLSDTDATAVDRPTQPGTSCERFYTLTSYLWTENTKGRYWKLPDALSDLGMYGQNLQFHYLVRNGWCIHVQCNATKFHQGLLLVVAIPEHKINATSVPPFEQTNPGADGREFFDPYLLDNGEALANALIYPHQWINLRSNNSATLVLPYVNAIPMDSGIRHNNWTLAVIPIQELAYATGATTSVPITITIAPMATEFNGLRTAIAQ,,Dromedary camel enterovirus 19CC,Camel,0
YP_009508965,NC_038310,capsid protein VP3,Enterovirus idromi,Enterovirus,Picornaviridae,United Arab Emirates,Camelus dromedarius,"National Center for Biotechnology Information, NIH",USA,GLPTKPGPGSYQFLTTDDEQSPCLLPQFQPTPIIDIPGEVRNVLEIVQVESMVEVNNVAGATGVQRLRIPLSLQDTLEQQIFSLRVDPGIDGPMQHTLLGIFTRYYSQWSGSIELTFMFTGTFMSTGKILLAYTPPGGDAPTTRTEAMLGTHVVWDFGLQSSITLVVPWISSGHFRGVADSDTFKYRYYEAGFVTGWYQTNMVVPPQFPNTASIICLVAAQPNFSLRCLRDRPDMQQTAALQ,,Dromedary camel enterovirus 19CC,Camel,0
YP_009508966,NC_038310,capsid protein VP1,Enterovirus idromi,Enterovirus,Picornaviridae,United Arab Emirates,Camelus dromedarius,"National Center for Biotechnology Information, NIH",USA,APKDAVQGAIQTVADTVASTHNISTAETPALQAAETGATSNTSDEGMIETRHIVNTHGIMETRVESFFSRSGLVGMAITNNDFGSWTINFGEFVQLRAKLYLFTYARFDLELTIVASVVHVSESTPVRGTNEDVRYQVMYVPPGAPEPSTQDTFQWQTSCNPSVISTTMSAPARVSVPFMSTASAYSSAYDGYATFQDTAPANYGILPSNYLGRLFFRTMEKLDEGKELRLRIYAKPKHVRTWIPRAPRAVPFRSRYYDVYTKVDNLVENRPSITTT,,Dromedary camel enterovirus 19CC,Camel,0
YP_009508986,NC_038312,1B (VP2),Enterovirus betarhino,Enterovirus,Picornaviridae,USA,,"National Center for Biotechnology Information, NIH",USA,SPNVEACGYSDRVQQITLGNSTITTQEAANAIVCYAEWPEYLSDNDASDVNKTSKPDISVCRFYTLDSKTWKATSKGWCWKLPDALKDMGVFGQNMFYHSLGRTGYTIHVQCNATKFHSGCLLVVVIPEHQLASHEGGTVSVKYKYTHPGDRGIDLDTVEVAGGPTSDAIYNMDGTLLGNLLIFPHQFINLRTNNTATIVVPYINSVPIDSMTRHNNVSLMVVPIAPLNAPTGSSPTLPVTVTIAPMCTEFTGIRSRSIVPQ,,rhinovirus B3,unknown host,0
YP_009508987,NC_038312,1C (VP3),Enterovirus betarhino,Enterovirus,Picornaviridae,USA,,"National Center for Biotechnology Information, NIH",USA,GLPTTTLPGSGQFLTTDDRQSPSALPSYEPTPRIHIPGKVRNLLEIIQVGTLIPMNNTGTNDNVTNYLIPLHADRQNEQIFGTKLYIGDGVFKTTLLGEIAQYYTHWSGSLRISLMYTGPALSSAKIILAYTPPGTRGPEDRKEAMLGTHVVWDIGLQSTIVMTIPWTSGVQFRYTDPDTYTSAGYLSCWYQTSLILPPQTSGQVYLLSFISACPDFKLRLMKDTQTISQTDALTE,,rhinovirus B3,unknown host,0
YP_009508988,NC_038312,1D (VP1),Enterovirus betarhino,Enterovirus,Picornaviridae,USA,,"National Center for Biotechnology Information, NIH",USA,GLSDELEEVIVEKTKQTLASVSSGPKHTQSVPALTANETGATLPTRPSDNVETRTTYMHFNGSETDVESFLGRAACVHVTEIKNKNAAGLDNHRKEGLFNDWKINLSSLVQLRKKLELFTYVRFDSEYTILATASQPEASSYSSNLTVQAMYVPPGAPNPKEWDDYTWQSASNPSVFFKVGETSRFSVPFVGIASAYNCFYDGYSHDDPDTPYGITVLNHMGSMAFRVVNEHDVHTTIVKIRVYHRAKHVEAWIPRAPRALPYVSIGRTNYPRDSKTIIKKRTNIKTYGL,,rhinovirus B3,unknown host,0
YP_009483878,NC_037654,VP2,Sichuan takin enterovirus,Enterovirus,Picornaviridae,China,Budorcas taxicolor tibetana,"National Center for Biotechnology Information, NIH",USA,SPSAEACGYSDRVAQLTLGNSTITTQEAANITVGYGEWPSYLSDLDATAVDKTTKPGVSCDRFYTLPTKKWEDSSKGWEWKLPDALTELGVFGQNSQYHYLYRCGWVVHVQCNATKFHQGCLYVGMVPEHQLGTRKEPTFEQVMPGKGGIEMTHTYEFDDGTSFANALIYPHQWINLRTNNSATIVVPYMNAIPMDSPIRHSSWSLIVAPITFLRHATGTTPFVAVTVTVAPMFSEFSGLRRAIVQ,,Sichuan takin enterovirus,Antelope,0
YP_009483879,NC_037654,VP3,Sichuan takin enterovirus,Enterovirus,Picornaviridae,China,Budorcas taxicolor tibetana,"National Center for Biotechnology Information, NIH",USA,GIPTMATPGSFQFLTTDEDSSPCALPDFCPTQEIHIPGEVTNLLAMCQVESIVEINNVAEKFRNNRLLLPVNTQAEPDQQLFALNLSLSEGSVLSKTLVGIICSYYTQWSGSLELTFMFTGTFMTTGKILLAYSPAGGSAPTSREDAMLGTHVIWDFGLQSSITLVVPWISGGNYRGVSSTNAYEYYQAGYVTGWYQTNMVIPPDFPSEANIICLVAAQPNFSLRILKDRPDMDQTAALQA,,Sichuan takin enterovirus,Antelope,0
YP_009483880,NC_037654,VP1,Sichuan takin enterovirus,Enterovirus,Picornaviridae,China,Budorcas taxicolor tibetana,"National Center for Biotechnology Information, NIH",USA,PPIEAALNNHINHTVSNALTAANTNESSHNISTSSTPALQAAETGATSNASDEGMIETRRVINTNGVQETSVEAFFGRSGLVTIM,,Sichuan takin enterovirus,Antelope,0
YP_009268631,NC_030454,capsid protein VP2,Enterovirus alphacoxsackie,Enterovirus,Picornaviridae,India,Homo sapiens,"National Center for Biotechnology Information, NIH",USA,SPSAEACGYSDRVAQLTVGNSTITTQEAANIVVSYGEWPEYCPDTDATAVDKPTRPDVSVNRFYTLPARLWEKASTGWYWKFPDVLTQTGVFGQNAQFHFLYRSGFCIHVQCNASKFHQGXLLVAIVPEFVLGSESTEQKPNIAKHPEFNEVMPGQKGATFKHPYILDCGIPISQALVFPHQWINLRTNNCATIVVPYINALAYDSAINHSNFSLVVIPVSPLEYQNGATTAIPITVTIAPLCSEXAGXRQAIKQ,,enterovirus A114,human,1
YP_009268632,NC_030454,capsid protein VP3,Enterovirus alphacoxsackie,Enterovirus,Picornaviridae,India,Homo sapiens,"National Center for Biotechnology Information, NIH",USA,GLPVEMKPGTNQFLTTDVGVSAPILPGFDPTPLIHIPGEVSSLLELCRIETILEVNNTTRSVEMERLRIPVSVQNEVDSLCASFRVDPGREGPWQSTMVGQICRYFTQWSGSLEITFMFTGSFMATGKMLIAYTPPGGEQPTSRDLAMLGTHIIWDFGLQSSITLVVPWISNTHFRSVXTGGLRDYYATGIVTMWYQTNFVVPPKTPTTAYIIAMAAAQKNFTLKLCKDTDELTQQAVLQ,,enterovirus A114,human,1
YP_009268633,NC_030454,capsid protein VP1,Enterovirus alphacoxsackie,Enterovirus,Picornaviridae,India,Homo sapiens,"National Center for Biotechnology Information, NIH",USA,GDGLEAALVHATESAIQSALARPTAANTTASNHSIGTGSVPALQAAETGASSTATDERMIETRCVVNRNGTTEATIEHFFSRAALVGKVHINDTGTTGKGFDLWDIDVMGYVQLRRKLELFTYMRFNAEFTFVTTTHEGKTPECMLQFMYIPPGAPHPDTRDAFQWQTSTNPSVFAKMSDPPAQVSVPFMSPASAYQWFYDGYPTFGDHSGDDSLRYGQCPNNMLGTFAIRVVSENVSGYNFTTRVYMKLKHIRAWVPRPLRSQPYILKNYPNYDGQNIHPASHNRSTITTT,,enterovirus A114,human,1
YP_009249464,NC_029905,VP2,Enterovirus lesimi,Enterovirus,Picornaviridae,China,Macaca mulatta,"National Center for Biotechnology Information, NIH",USA,SPSAEECGYSDRVQQLVLGNTAITTQEAANVVVGYGKWPENLSSKDATAIDAPTFPDTAVNRFYTFDSVLWSAQSNGWYYRLPGSMLDFGLFGQNMQYHYLMRTGYAIHVQCNASKFHQGALLVAVIPEMQTDNPEGSVDTGILTPLDGATNLKFDESLEPEQLTIFPHQWINLRTNNTATIIMPYANSVPMDNGLIHNNCTLVILPVAGLQYSTGATVVVPITVTIAPMCSEYNGLRFAITNAHTQ,,Enterovirus SEV-gx,Macaque,0
YP_009249465,NC_029905,VP3,Enterovirus lesimi,Enterovirus,Picornaviridae,China,Macaca mulatta,"National Center for Biotechnology Information, NIH",USA,GLPVRNLPGSRQFLTTDIYSAPPAIPYFDPSPEIDIPGEVKNLLELAKVDTIMPFQDTNKKWRLNLEVSVQTSVGQKLTEFEVGPTTGEAWQKTLLGALLKFYTHWTGSIKLSFMFCGTAMTTGKFLICYTPPAGRAPQSRQEAMLGTNLIWDIGLQSTATLVIPWIAASHYRLNGKTNSEGRVGLYSTSGRITIFYQTNIVVPPDCPTTAKIVLLVSACDDFVMRIPLDSAYQQ,,Enterovirus SEV-gx,Macaque,0
YP_009249466,NC_029905,VP1,Enterovirus lesimi,Enterovirus,Picornaviridae,China,Macaca mulatta,"National Center for Biotechnology Information, NIH",USA,GPNPVGNALNKEINKVTQSLSAMSIDETGSSVHPDSAPGLNAQETGATSTTEPEQMMETRAVMNNHSQRETTLENFFSRAALVQIMTFVYGKDTAAANNDYTSWVIDLRNATYTVFRRKIEMFTYMRFDLEIIALFTVTPKNAESGYFPNLEYQVMYVPPGAQTPTSSVDKPWQTATNPSVFTRQGDPPVSFSIPFLSVANAYSMFYDGYSNFNDVGNSIYGLFPPNDMGVISVRTVNDNPPTGQEFDVKCRIYFKLKHVKAWIPRPIRQAPYKAPASSMLLSEDTLHMLRINDEGDDLVCQTAFDE,,Enterovirus SEV-gx,Macaque,0
YP_009020963,NC_021220,capsid protein VP2,Enterovirus fitauri,Enterovirus,Picornaviridae,,,"National Center for Biotechnology Information, NIH",USA,SPSAEACGYSDRVAQLTLGNSTITTQEAANIVVAYGKWPEKLSDSDATAVDRPTEPGVSAERFYTLPSVQWTTTFKGRFWKLPDALSQLGLFGQNLQFHYLYRGGWAIHVQCNATKFHQGTLLVVAIPEHKIQSQQTPEFAKTNPGEDGYEFQFPFTLEDGSALGNALIYPHQWINLRTNNSATLILPYVNALPMDSGIRHNNWTLAVIPLVDLAYADGSTTFVPITVTIAPMATEFNGLRRAVTQ,,Enterovirus F,unknown host,0
YP_009020964,NC_021220,capsid protein VP3,Enterovirus fitauri,Enterovirus,Picornaviridae,,,"National Center for Biotechnology Information, NIH",USA,GLPTMYTPGSGQFLTTDDFQSPSILPKFKATPEIEIPGRVLNILEIVQVESLVEINNVDQVNGVARYRIPLSVQDDMDQQIMALRVDPGTSGPLQSTLLGVFSRYYTQWSGSIEFTFMFCGTFMSTGKVIIAYTPPGGTAPTSRREAMLGTHIVWDFGLQSSITLVVPWISSGHFRAADINATLFKYKYYEAGFVTMWYQTNLVVPPSFPNQAAILMFVAAQPNFSMRILKDRPEMTQTAALQ,,Enterovirus F,unknown host,0
YP_009020965,NC_021220,capsid protein VP1,Enterovirus fitauri,Enterovirus,Picornaviridae,,,"National Center for Biotechnology Information, NIH",USA,GDVKDSIKGAVATTVKNTTESHHSISTENTPALQAAETGATSNASDEGLIETRNVVNTHGVEETSVEAFFGRSGLVGMTSTVGGIGRWIVNFGEFVQVRAKLELFTYVRFDIELTIVAEVLTQTGNKVAHQHVNYQVMYVPPGASEPENQDSYQWQSSCNPSVISNTAAPPARVSIPFMSTANAYSMSYDGYATFDDTAGSNYGMVPSNYLGTIVFRTMEDLDQKLLKVRFYAKPKHLKCWMPRAPRAVPYKSRYTGVYDTVEKFCDDRRSITTA,,Enterovirus F,unknown host,0
YP_009020975,NC_008714,capsid protein VP2,Enterovirus fitauri,Enterovirus,Picornaviridae,,,"AgResearch Limited, Infectious Diseases Group",New Zealand,SPSAEACGYSDRVAQLTLGNSTITTQEAANIVVAYGRWPSNLRDTDATAVDKPTQPGVSAERFYTLPSVQWTTTFKGHYWKLPDALSELGLFGQNLQFHYLYRGGWAIHVQCNATKFHQGTLLVVAVPEHKIQAQSNPTFDRTNPGENGATCQFPFTFEDGTALGNALIYPHQWINLRTNNSATLILPYVNAIPMDSGIKHNNWTLLVIPLVPLEYAAGATTFVPITVTIAPMCTEYNGLRAAIAQ,,enterovirus F4,unknown host,0
YP_009020976,NC_008714,capsid protein VP3,Enterovirus fitauri,Enterovirus,Picornaviridae,,,"AgResearch Limited, Infectious Diseases Group",New Zealand,GIPTLYTPGSGQFLTTDDFQSPCMLPKFQPTPVIDIPGEVKNFLEVIQVESLVEINNVVNVEGVERYRIPLNVQDAMDGQIMAMRVDPGADGPLQSTLLGVFTRYYTQWSGSLEFTFMFCGTFMTTGKVIIAYTPPGGDQPESRQQAMLGTHVVWDFGLQSSITLVVPWISSGHFRGTSLDNTIYKYRYYEAGYITMWYQTNMVVPPNFPTTASILMFVAAQPNFSLRILKDRPDVSQTAALQ,,enterovirus F4,unknown host,0
YP_009020977,NC_008714,capsid protein VP1,Enterovirus fitauri,Enterovirus,Picornaviridae,,,"AgResearch Limited, Infectious Diseases Group",New Zealand,GETGHMIKDTIKDTVENTVQSTHSISTEATPALQAAETGATSNTSDESMLETRNVINTHGVAETSLEGFYGRAGLVAMFTTDGGIRSWYINFGEYVQLRTKLELLTYARFDIEFTIVAQAVDEQAKVKDFNVDYQVMYVPPGASAPDGQDSFQWQSSCNPSVFSNTGMPPARVSVPFMSSANAYSFSYDGYTEFGDKSGSSYGILPSNYLGQLVVRTCEDLDSAHLRVRIYAKPKHMRGWIPRSPRMRPYVSRFTGVYTDVPRFCVNRDSIKTA,,enterovirus F4,unknown host,0
YP_003359167,NC_013695,1B (VP2),Enterovirus jesimi,Enterovirus,Picornaviridae,,,"National Center for Biotechnology Information, NIH",USA,SPSAEACGYSDRVLQLTLGNSTITTQEAANIVVGYGKWPEHLKPIDANSIDAPTKPDVAVNRFYTLKAKKWEKASKGWMWKLPDCLNDTGIFGQNCWYHFLYRGGWAIHVQCNASKFHQGTLLVFLAPDFTRGAPVTGSGTTPNVSYSHAMPGEDGSEFIDPLFLDNGTMLQQATVFPHQWINLRTNNSATIIVPYINNIPADSPVRHNNWTLCVIPVVPLDYSEGATTVVPITVTLAPMCCEFDGLRNAVPQ,,Enterovirus J,unknown host,0
YP_003359168,NC_013695,1C (VP3),Enterovirus jesimi,Enterovirus,Picornaviridae,,,"National Center for Biotechnology Information, NIH",USA,GLPVKATPGSYQFLTTSDDCSEGLLPNFHSTPEIFIPGQVNNLLELVQIETMMTVNNTATQASGVGRITIPVSVQSDVDTQIAGFTINPGSDGVFQSTYLGQICRYFNNWSGSIEITFMFCGSFMATGKILIAYTPPGGSAPTDRKSAMLGTHVIWDFGLQSSATLLIPWISNTCMRNVASLAYQDTYFAGGYVTLWYQTNFVVPSGAPTSARIIALCAAKGDFCLRLLKDSTDISQSAVLQ,,Enterovirus J,unknown host,0
YP_003359169,NC_013695,1D (VP1),Enterovirus jesimi,Enterovirus,Picornaviridae,,,"National Center for Biotechnology Information, NIH",USA,NSPEQAIEGVISTTIQNLTPQNISASEGSIGAAAPALQAAETGATSTATPEGMIETRSVINRQHIAESSVESFYSRAGLVGMVKLEGLQSSTFTTWTIDTMGFVQQRRKLELFTYMRFDAEFTMLVCAAEEINPYNIQYMYVPPGSGIPTDHDSYLWQSGTNPSIYVKSTDPPAQFSIPFMSTCAAYAWFYDGYPRSYGPDAEALNKSYGILPANQFGTFCMRLLGSALKTTLTVRIYMRPKHIKCWAPRPFRMLPYVEKNRPSYKSPPTDPIKNRTSITTT,,Enterovirus J,unknown host,0
YP_001718577,NC_010415,1B (VP2),Enterovirus jesimi,Enterovirus,Picornaviridae,,,"National Center for Biotechnology Information, NIH",USA,SPSAEACGYSDRVAQLKLGNTSITTQEAANITVGYGEWPTFLSNVDANAVDAPTHPDVSVNRFYTLKAVXWEKTSTGWYWKLPDCLNQLGVFGQNAQYHYLYRSGFAVHVQCNASKFHQGALLVVAIPEWTQGRGLTSSTNTYMEYSQTNPGKNGGTFNHPYLLDNGTAVSMALIYPHQWINLRTNNCATIVLPYVNNVPSDCALKHNNWTLAVIPISPLNYDAGATPLVPITITIAPMACEFSGLRKAISQ,,Enterovirus J,unknown host,0
YP_001718578,NC_010415,1C (VP3),Enterovirus jesimi,Enterovirus,Picornaviridae,,,"National Center for Biotechnology Information, NIH",USA,GLPAQLTPGSTQFVTTDNDSSQPLIPNFDETTPIHIPGEVRNMLEICQVESILEVNNVTGVNGMSRLLIPISVQSDLDQQIASFRVDPGADGPWQSTLLGNICRYYNQWSGSLEITFMFTGSFMATGKILIGYSPPGGSQPATREDAMLGTYVVWDFGLQSSVTLAIPWISNVMFRNLQSIAGQPYFYAGIVTMWYQTNFVVPDGAPTSADIIALGSAQSNFSLRLLKDSPDISQTAVLN,,Enterovirus J,unknown host,0
YP_001718579,NC_010415,1D (VP1),Enterovirus jesimi,Enterovirus,Picornaviridae,,,"National Center for Biotechnology Information, NIH",USA,GPNPVGQALDKMVTNKIEGLSNTSASDAVIETANTPALQAAETGATSNADDAGLIETRDVINTQRPTETTVQAFYARAGLVGMVDIIHSDSNSPKFASWTIDTMAFVQQRRKLEMFTYMRFAAEFTFVVSTESTTKIPNTMIQYMYVPPGAPIPTTSNGYEWQSGTNPSVIVRMNEAPARVRVPFISPAGAYAWFYDGYTDFGTHPSPNGKGDANYGLNPANQFGTFATRIIGNGAISAIRIRIYMKPTQVRCWIPRAIRTCPYIEKNRPSYNPNKTAIAKNRQSITTT,,Enterovirus J,unknown host,0
YP_001552433,NC_009996,VP2,Enterovirus cerhino,Enterovirus,Picornaviridae,Hong Kong,,"National Center for Biotechnology Information, NIH",USA,SPTVEACGMSDRLKQITIGNSTITTQDTLNSILAYGEWPKYLSDLDASSVDKPTHPETSSDRFYTLTSVDWTTTSKGWWWKLPDCLKDMGIFGQNLYHHALGRSGYIIHTQCNATKFNSGCLIVAVVPEHQLAYIGEANVNVGYDHTHPGEGGHVIGSNVRRDNKQPDEDPFFNCNGTLLGNITIFPHQLINLRTNNSSTIVVPYINCVPMDNMLRHNNLSLVIIPIVPLRAANGVTKVPITISIAPDKSEFSGARQSVKQ,,Rhinovirus C,unknown host,0
YP_001552434,NC_009996,VP3,Enterovirus cerhino,Enterovirus,Picornaviridae,Hong Kong,,"National Center for Biotechnology Information, NIH",USA,GLPTRLPSGSQQFLTTEDEQSANLLPDFSVTKIIDIPGRITNILHMAMVDSFMPLNNIETNVGQISIYNVQVTKKTADKPIVVIPMDISNTLFSTTLLGEVLNYFANWSGSISITFMCVCDSFSTGKFLLAYTPPGAALPPDRKTAMLGVHVIWDLGLQSSCTIVVPWMSGTFHRRTKADNYTQAGYVSLWYQTDFVSPNDGIGTIVATCSGCPDLSVRMLRDTPMMKQEKDLTQ,,Rhinovirus C,unknown host,0
YP_001552435,NC_009996,VP1,Enterovirus cerhino,Enterovirus,Picornaviridae,Hong Kong,,"National Center for Biotechnology Information, NIH",USA,NPVEDYIDKVVDTVLQVPNTQPSGPQHSIQPSALGAMEIGASSTTIPGDLIETRYVINSNTNSEALIENFMGRSALWAKIQVANGFAKWDINFQEHAQVRKKFEMFTYARFDMEVTVVTNNTGLVQIMFVPPGIDAPDSIDSRLWDSASNPSVFYQPKSGFPRFTIPFTGLGSAYYMFYDGYDVPRNKSNAVYGITSTNDMGTLCFRAMEDTNEHSIRVFVKPKHTIAWIPRPPRATQYTHKFSTNYHVKKPDDTTGLLIQKHFINHRTDIKTA,,Rhinovirus C,unknown host,0
NP_740362,NC_003983,VP2,Erbovirus aequirhi,Erbovirus,Picornaviridae,,Equus caballus,"National Center for Biotechnology Information, NIH",USA,DQDTEDVTRQPDRIVTVLDGNTSRTTQSSVGILRGYNYAPGKHTQPSSAQDTPSKAEQSVERGFTFQLAQWETSRNIWDHLTIPLPMCPGLIKVSGMYKAFIETHAYIKNGWKIQVQCNASQFHSGCLLVAMIPEYLSTAQQDFLGSWRDKTTDSTPGTWVWNTYEAFPPGFPPQQITLFPHQFLNLRTNTTVDLEVPYTNFAPSSSPTLHCPWTLVIVVVSPLQFGTGAPTQVQITTTITPTDFVANGLRQAVAQ,,Equine rhinitis B virus 1,Horse,0
NP_740363,NC_003983,VP3,Erbovirus aequirhi,Erbovirus,Picornaviridae,,Equus caballus,"National Center for Biotechnology Information, NIH",USA,GIPGTQPYDRQFVSSEPSAPPPVYTPSWLPERSFIPGKFTDFLQVAVIPTLAEVSVQNYKPVPSFPVSNVLQTKPLVNTDLTFTSMTFRNTYVSALSLQYTQYRGSICMDLLFTGSAMCQGKFVVCYVPPGREPQSLDEAMQGTYSIWDLGLNSSFKFVVPYISASAYRFTHEDDQPSALNAVGWLQIYQLTNLTFPPNVPTRADVLVFFSAGSDFCLRFPVDTYPRTE,,Equine rhinitis B virus 1,Horse,0
NP_740364,NC_003983,VP1,Erbovirus aequirhi,Erbovirus,Picornaviridae,,Equus caballus,"National Center for Biotechnology Information, NIH",USA,GTENMETGAVGPSDPSETSDSHSFAMPNVVSHTNLEFLFDRYFFSGFANSCDVTANTTHTHSGDTQLNPFVTPNFKLDKTVRDYMLRAFTYFTADLGVAVQPTSVSSKPLPAVDYWVGWRPVGAPEPKLLAFSAPSPGDTVTAVKRSSVLSGGFCPIIHSVIGQGLNQVQMSIPYTTPLSAIPTSYCGYADYKKKPRLFGHPPAAHFGTLSIRVRNVDLLPEQTKKEDDPLVDLRFALFTRFRNLKAYAPRPFTRVPNSPHEQGTASRTLVRTNHITAEFVEKTPLNGLAAVFTSLSTSGYSTKLVSEPIPEATLSTILSEGAT,,Equine rhinitis B virus 1,Horse,0
NP_740446,NC_001859,VP2,Enterovirus eibovi,Enterovirus,Picornaviridae,,,"National Center for Biotechnology Information, NIH",USA,SPSAEACGYSDRVAQLTLGNSTITTQEAANICVAYGCWPAKLSDTDATSVDKPTEPGVSAERFYTLRSKPWQADSKGWYWKLPDALNNTGMFGQNAQFHYIYRGGWAVHVQCNATKFHQGTLLVLAIPEHQIATQEQPAFDRTMPGSEGGTFQEPFWLEDGTSLGNSLIYPHQWINLRTNNSATLILPYVNAIPMDSAIRHSNWTLAIIPVAPLKYAAETTPLVPITVTIAPMETEYNGLRRAIASNQ,,Enterovirus E,unknown host,0
NP_740447,NC_001859,VP3,Enterovirus eibovi,Enterovirus,Picornaviridae,,,"National Center for Biotechnology Information, NIH",USA,GLPTKPGPGSYQFMTTDEDCSPCILPDFQPTPEIFIPGKVNNLLEIAQVESILEANNREGVEGVERYVIPVSVQDALDAQIYALRLELGGSGPLSSSLLGTLAKHYTQWSGSVEITCMFTGTFMTTGKVLLAYTPPGGDMPRNREEAMLGTHVVWDFGLQSSITLVIPWISASHFRGVSNDDVLNYQYYAAGHVTIWYQTNMVIPPGFPNTAGIIMMIAAQPNFSFRIQKDREDMTQTAILQ,,Enterovirus E,unknown host,0
NP_740448,NC_001859,VP1,Enterovirus eibovi,Enterovirus,Picornaviridae,,,"National Center for Biotechnology Information, NIH",USA,NDPGKMLKDAIDKQVAGALVAGTTTSTHSVATDSTPALQAAETGATSTARDESMIETRTIVPTHGIHETSVESFFGRSSLVGMPLLATGTSITNWRIDFREFVQLRAKMSWFTYMRFDVEFTIIATSSTGQNVTTEQHTTYQVMYVPPGAPVPSNQDSFQWQSGCNPSVFADTDGPPAQFSVPFMSSANAYSTVYDGYARFMDTDPDRYGILPSNFLGFMYFRTLEDAAHQVRFRICAKIKHTSCWIPRAPRQAPYKKRYNLVFSGDSDRICSNRASLTSY,,Enterovirus E,unknown host,0
NP_740469,NC_002058,coat protein VP2,Enterovirus coxsackiepol,Enterovirus,Picornaviridae,,,"National Center for Biotechnology Information, NIH",USA,SPNIEACGYSDRVLQLTLGNSTITTQEAANSVVAYGRWPEYLRDSEANPVDQPTEPDVAACRFYTLDTVSWTKESRGWWWKLPDALRDMGLFGQNMYYHYLGRSGYTVHVQCNASKFHQGALGVFAVPEMCLAGDSNTTTMHTSYQNANPGEKGGTFTGTFTPDNNQTSPARRFCPVDYLLGNGTLLGNAFVFPHQIINLRTNNCATLVLPYVNSLSIDSMVKHNNWGIAILPLAPLNFASESSPEIPITLTIAPMCCEFNGLRNITLPRLQ,,Enterovirus C,unknown host,0
NP_740516,NC_001490,1B (VP2),Enterovirus betarhino,Enterovirus,Picornaviridae,,,"National Center for Biotechnology Information, NIH",USA,SPNVEACGYSDRVQQITLGNSTITTQEAANAVVCYAEWPEYLPDVDASDVNKTSKPDTSVCRFYTLDSKTWTTGSKGWCWKLPDALKDMGVFGQNMFFHSLGRSGYTVHVQCNATKFHSGCLLVVVIPEHQLASHEGGNVSVKYTFTHPGERGIDLSSANEVGGPVKDVIYNMNGTLLGNLLIFPHQFINLRTNNTATIVIPYINSVPIDSMTRHNNVSLMVIPIAPLTVPTGATPSLPITVTIAPMCTEFSGIRSKSIVPQ,,rhinovirus B14,unknown host,0
NP_740517,NC_001490,1C (VP3),Enterovirus betarhino,Enterovirus,Picornaviridae,,,"National Center for Biotechnology Information, NIH",USA,GLPTTTLPGSGQFLTTDDRQSPSALPNYEPTPRIHILGKVHNLLEIIQVDTLIPMNNTHTKDEVNSYLIPLNANRQNEQVFGTNLFIGDGVFKTTLLGEIVQYYTHWSGSLRFSSMYTGPALSSAKLTLAYTPPGARGPQDRREAMLGTHVVWDIGLQSTIVMTIPWTSGVQFRYTDPDTYTSAGFLSCWYQTSLILPPETTGQVYLLSFISACPDFKLRLMKDTQTISQTVALTE,,rhinovirus B14,unknown host,0
NP_740518,NC_001490,1D (VP1),Enterovirus betarhino,Enterovirus,Picornaviridae,,,"National Center for Biotechnology Information, NIH",USA,GLGDELEEVIVEKTKQTVASISSGPKHTQKVPILTANETGATMPVLPSDSIETRTTYMHFNGSETDVECFLGRAACVHVTEIQNKDATGIDNHREAKLFNDWKINLSSLVQLRKKLELFTYVRFDSEYTILATASQPDSANYSSNLVVQAMYVPHGAPKSKRVGDYTWQSASNPSVFFKVGDTSRFSVPYVGLASAYNCFYDGYSHDDAETQYGITVLNHMGSMAFRIVNEHDEHKTLVKIRVYHRAKLVEAWIPRAPRALPYTSIGRTNYPKNTEPVIKKRKGDIKSY,,rhinovirus B14,unknown host,0
NP_740527,NC_001612,VP2 (1B),Enterovirus alphacoxsackie,Enterovirus,Picornaviridae,,,"National Center for Biotechnology Information, NIH",USA,SPSAEACGYSDRVAQLTIGNSTITTQEAANIIIAYGEWPEYCKDADATAVDKPTRPDVSVNRFFTLDTKSWAKDSKGWYWKFPDVLTEVGVFGQNAQFHYLYRSGFCVHVQCNASKFHQGALLVAILPEYVLGTIAGGDGNENSHPPYVTTQPGQVGAVLTNPYVLDAGVPLSQLTVCPHQWINLRTNNCATIIVPYMNTVPFDSALNHCNFGLIVVPVVPLDFNAGATSEIPITVTIAPMCAEFAGLRQAIKQ,,Enterovirus A,unknown host,0
NP_740528,NC_001612,VP3 (1C),Enterovirus alphacoxsackie,Enterovirus,Picornaviridae,,,"National Center for Biotechnology Information, NIH",USA,GIPTELKPGTNQFLTTDDGVSAPILPGFHPTPAIHIPGEVRNLLEICRVETILEVNNLQSNETTPMQRLCFPVSVQSKTGELCAVFRADPGRNGPWQSTILGQLCRYYTQWSGSLEVTFMFAGSFMATGKMLIAYTPPGGGVPADRLTAMLGTHVIWDFGLQSSVTLVIPWISNTHYRAHAKDGYFDYYTTGTITIWYQTNYVVPIGAPTTAYIVALAAAQDNFTMKLCKDTEDIEQSANIQ,,Enterovirus A,unknown host,0
NP_740529,NC_001612,VP1 (1D),Enterovirus alphacoxsackie,Enterovirus,Picornaviridae,,,"National Center for Biotechnology Information, NIH",USA,GDGIADMIDQAVTSRVGRALTSLQVEPTAANTNASEHRLGTGLVPALQAAETGASSNAQDENLIETRCVLNHHSTQETTIGNFFSRAGLVSIITMPTTGTQNTDGYVNWDIDLMGYAQMRRKCELFTYMRFDAEFTFVAAKPNGELVPQLLQYMYVPPGAPKPTSRDSFAWQTATNPSIFVKLTDPPAQVSVPFMSPASAYQWFYDGYPTFGAHPQSNDADYGQCPNNMMGTFSIRTVGTEKSPHSITLRVYMRIKHVRAWIPRPLRNQPYLFKTNPNYKGNDIKCTSTSRDKITTL,,Enterovirus A,unknown host,0
NP_740538,NC_001472,1B(VP2),Enterovirus betacoxsackie,Enterovirus,Picornaviridae,,,"National Center for Biotechnology Information, NIH",USA,SPSAEECGYSDRVRSITLGNSTITTQECANVVVGYGVWPEYLKDNEATGEDQPTQPDVATCRFYTLESVQWMKNSAGWWWKLPDALSQMGLFGQNMQYHYLGRTGYTIHVQCNASKFHQGCLLVVCVPEAEMGCSNLNNTPKFAELSGGDNARMFTDTEVGTSNDKKVQTAVWNAGMGVGVGNLTIFPHQWINLRTNNSATIVMPYINSVPMDNMYRHNNLTLMIIPFVPLNYSEGSSPYVPITVTIAPMCAEYNGLRLASSQ,,Enterovirus B,unknown host,0
NP_740539,NC_001472,1C(VP3),Enterovirus betacoxsackie,Enterovirus,Picornaviridae,,,"National Center for Biotechnology Information, NIH",USA,GLPVMTTPGSTQFLTSDDFQSPSAMPQFDVTPEMQIPGRVNNLMEIAEVDSVVPVNNTDNNVNGLKAYQIPVQSNSDNRRQVFGFPLQPGANNVLNRTLLGEILNYYTHWSGSIKLTFMFCGSAMATGKFLLAYSPPGAGVPKNRRDAMLGTHVIWDVGLQSSCVLCVPWISQTHYRYVVEDEYTAAGYVTCWYQTNIIVPADVQSTCDILCFVSACNDFSVRMLKDTPFIRQDNFYQ,,Enterovirus B,unknown host,0
NP_740540,NC_001472,1D(VP1),Enterovirus betacoxsackie,Enterovirus,Picornaviridae,,,"National Center for Biotechnology Information, NIH",USA,GPVEESVERAMVRVADTVSSKPTNSESIPALTAAETGHTSQVVPSDTMQTRHVKNYHSRSESSIENFLCRSACVYYATYNNNSEKGYAEWVINTRQVAQLLRRKLEFTYLRFDLELTFVITSAQEPSTATSVDAPVQTQQIMYVPPGGPVPTKVTDYAWQTSTNPSVFWTEGNAPPRMSIPFISIGNAYSCFYDGWTQFSRNGVYGINTLNNMGTLYMRHVNEAGQGPIKSTVRIYFKPKHVKAWVPRPPRLCQYEKQKNVNFNPTGVTTTRSNITTT,,Enterovirus B,unknown host,0
AQU14356,KY115200,VP1,Enterovirus alphacoxsackie,Enterovirus,Picornaviridae,Thailand,,"Ubon Ratchathani University, College of Medicine and Public Health",Thailand,MGDRVADVIESSIGDSVSRALTQALPAPTGQNTQVSSHRLDTGKVPALQAAEIGASSNASDESMIETRCVLNSHSTAETTLDSFFSRAGLVGEIDLPLEGTTNPNGYANWDIDITGYAQMRRKVELFTYMRFDAEFTFVACTPTGEVVPQLLQYMFVPPGAPKPDSRESLAWQTATNPSVFVKLSDPPAQVSVPFMSPASAYQWFYDGYPTFGEHKQEKDLEYGACPNNMMGTFSVRTVGTSKSKYPLVIRIYMRMKHVRAWIPRPMRNQNYLFKANPNYAGNSIKPTGASRTAITTLSR,CCATGGGCGACCGCGTGGCCGACGTGATCGAGTCCTCCATCGGCGACTCCGTGTCCCGCGCCCTGACCCAGGCCCTGCCGGCCCCGACCGGCCAGAACACCCAGGTGTCCTCCCACCGCCTGGACACCGGCAAGGTGCCGGCCCTGCAGGCCGCCGAGATCGGCGCCTCCTCCAACGCCTCCGACGAGTCCATGATCGAGACCCGCTGCGTGCTGAACTCCCACTCCACCGCCGAGACCACCCTGGACTCCTTCTTCTCCCGCGCCGGCCTGGTGGGCGAGATCGACCTGCCGCTGGAGGGCACCACCAACCCGAACGGCTACGCCAACTGGGACATCGACATCACCGGCTACGCCCAGATGCGCCGCAAGGTGGAGCTGTTCACCTACATGCGCTTCGACGCCGAGTTCACCTTCGTGGCCTGCACCCCGACCGGCGAGGTGGTGCCGCAGCTGCTGCAGTACATGTTCGTGCCGCCGGGCGCCCCGAAGCCGGACTCCCGCGAGTCCCTGGCCTGGCAGACCGCCACCAACCCGTCCGTGTTCGTGAAGCTGTCCGACCCGCCGGCCCAGGTGTCCGTGCCGTTCATGTCCCCGGCCTCCGCCTACCAGTGGTTCTACGACGGCTACCCGACCTTCGGCGAGCACAAGCAGGAGAAGGACCTGGAGTACGGCGCCTGCCCGAACAACATGATGGGCACCTTCTCCGTGCGCACCGTGGGCACCTCCAAGTCCAAGTACCCGCTGGTGATCCGCATCTACATGCGCATGAAGCACGTGCGCGCCTGGATCCCGCGCCCGATGCGCAACCAGAACTACCTGTTCAAGGCCAACCCGAACTACGCCGGCAACTCCATCAAGCCGACCGGCGCCTCCCGCACCGCCATCACCACCCTGTCTAGA,Enterovirus A71,unknown host,0
AHV79176,KF015730,VP1 protein,Enterovirus betacoxsackie,Enterovirus,Picornaviridae,China,Homo sapiens,"Institute of Medical Biology, Chinese Academy of Medical Sciences and Peking Union Medical, Molecular Epidemiology",China,NDPESAINKAVGRVADTVASGPVNTEQIPALTAVETGHTSQVVPSDTMQTRHVINYHTRSESSIENFMGRAACVYIAQYATEKVNDELDRYTNWEITTRQVAQLRRKLEMFTYMRFDLEITFVITSSQRTSTTYASDSPPLTHQVMYVPPGGPIPKSYEDFAWQTSTNPSVFWTEGNAPPRMSIPFMSVGNAYCNFYDGWSHFSQSGVYGYTTLNNMGHLYFRHVNKSTAYPVNSVARVYFKPKHVKAWVPRAPRLCPYLYARNVNFDVQGVTESRDKITLDRSTHNPLTNT,AATGACCCTGAAAGTGCAATCAACAAGGCCGTAGGTAGAGTGGCCGACACAGTGGCCAGTGGACCTGTCAACACCGAGCAAATCCCTGCCTTGACAGCAGTGGAAACAGGACACACATCACAAGTAGTTCCGAGTGACACGATGCAAACACGGCATGTGATCAATTACCACACCAGATCAGAGTCGTCAATAGAAAACTTCATGGGTAGAGCGGCGTGCGTGTATATCGCTCAGTACGCTACAGAGAAAGTCAATGATGAGCTAGACAGGTATACCAACTGGGAGATAACAACCAGACAAGTGGCGCAACTGAGGCGTAAGCTGGAAATGTTCACATACATGAGATTCGATCTTGAGATTACATTTGTCATCACCAGCTCCCAGCGCACTTCCACCACATACGCATCAGACTCCCCTCCACTAACACACCAGGTGATGTACGTACCACCGGGAGGTCCAATCCCCAAAAGTTATGAGGATTTTGCATGGCAGACATCCACTAACCCAAGCGTGTTCTGGACGGAAGGTAATGCCCCCCCCAGGATGTCGATACCATTCATGAGCGTTGGTAATGCATACTGTAATTTCTATGATGGATGGTCTCACTTCAGTCAGAGCGGTGTCTATGGATATACCACCTTGAATAACATGGGTCACTTATACTTTAGACATGTGAACAAATCGACTGCTTACCCAGTTAACAGTGTTGCTCGTGTATACTTCAAACCCAAGCATGTCAAGGCCTGGGTGCCACGCGCACCACGTTTGTGTCCGTATTTGTATGCAAGGAATGTCAACTTTGATGTGCAAGGGGTGACCGAGTCCCGGGACAAAATTACTCTTGACCGATCAACCCATAATCCTCTGACAAACACT,Echovirus E30,human,1
AHV79177,KF015731,VP1 protein,Enterovirus betacoxsackie,Enterovirus,Picornaviridae,China,Homo sapiens,"Institute of Medical Biology, Chinese Academy of Medical Sciences and Peking Union Medical, Molecular Epidemiology",China,GDVEEAVNRAVARVADTLPTGPRNSESIPALTAAETGHTSQVVPGDTMQTRHVKNYHSRTESSVENFLCRAACVYITKYKTKDSDPVQRYASWRINTRQMVQLRRKFELFTYLRFDMEVTFVITSSQDDGTQLAQDMPVLTHQVMYIPPGGPVPNSVTDFAWQSSTNPSIFWTEGNAPARMSIPFISIGNAYSNFYDGWSHFTQDGVYGFNSLNNMGSIYIRHVNEQSPHAITSTVRVYFKPKHVRAWVPRPPRLCAYEKSSNVNFKPTDVTTTRSSITEVPSLRPSLQNT,GGGGATGTAGAGGAAGCCGTGAATAGAGCTGTAGCACGTGTAGCAGACACCCTACCAACAGGGCCAAGGAATTCAGAAAGCATTCCCGCCTTAACAGCAGCGGAAACTGGGCACACGTCTCAAGTGGTACCAGGGGATACAATGCAAACCCGCCATGTGAAGAACTACCACTCTAGAACTGAATCATCAGTGGAAAACTTTCTCTGCCGCGCAGCATGTGTGTACATCACAAAGTATAAGACCAAAGACAGTGATCCAGTGCAAAGGTACGCTAGTTGGCGCATCAACACTCGACAGATGGTACAATTAAGGAGGAAGTTTGAACTGTTCACATACTTGAGGTTCGACATGGAAGTTACTTTTGTCATCACTAGCTCACAGGACGATGGGACACAGCTCGCGCAGGATATGCCGGTTTTAACACACCAAGTTATGTATATACCACCAGGAGGCCCGGTTCCCAATAGCGTTACTGACTTCGCATGGCAATCATCTACCAACCCTAGTATCTTTTGGACGGAGGGCAATGCGCCTGCGAGAATGTCCATACCATTCATCAGCATCGGCAACGCATATAGCAATTTTTACGATGGTTGGTCACATTTCACACAAGACGGGGTGTACGGATTTAACTCCCTAAACAACATGGGCTCTATATATATTAGACACGTGAATGAACAAAGCCCCCACGCAATCACGAGCACTGTGAGAGTATACTTCAAACCAAAACATGTGAGAGCGTGGGTCCCGAGACCACCAAGGTTATGTGCATATGAAAAGTCCAGCAACGTAAACTTCAAACCTACGGACGTAACCACCACACGCTCATCCATCACTGAAGTTCCCAGTCTAAGACCATCATTACAGAACACT,Echovirus E12,human,1
AHV79178,KF015732,VP1 protein,Enterovirus betacoxsackie,Enterovirus,Picornaviridae,China,Homo sapiens,"Institute of Medical Biology, Chinese Academy of Medical Sciences and Peking Union Medical, Molecular Epidemiology",China,GDVHDAVVGAMTRVADTISSGPSNSESVPALTAAETGHTSQVVPSDTMQTRHVHNFHTRSESSIENFMSRSACVYYTKYKTKDTDPSEMYSSWKVTTRQVAQLRRKMEMFTYLRFDVEVTFVITSSQDQSTSVAQDAPVLTHQIMYIPPGGPVPKSARDYSWQSSTNPSVFWTEGNAPPRMSIPFISIGGAYSSFYDGWSHFNQQGPYGYNTLNDMGQLYFRHVNEGSPGAVTSYVRIYFKPKHVRAWVPRPPRLCQYEKQGSVDFKVQGVTDARTSLTTT,GGGGACGTGCATGACGCCGTGGTTGGAGCCATGACACGTGTCGCCGACACCATTAGTAGCGGGCCCAGCAATTCAGAGAGTGTACCGGCCTTGACAGCGGCTGAAACCGGGCATACTTCACAAGTGGTACCAAGCGACACTATGCAAACTAGGCACGTCCATAACTTCCATACTAGATCAGAATCATCCATTGAGAATTTCATGAGTCGGTCTGCGTGTGTTTATTACACCAAGTATAAGACAAAAGATACGGACCCATCAGAAATGTACTCCAGTTGGAAGGTTACCACCAGGCAGGTTGCTCAGCTTAGAAGAAAAATGGAGATGTTCACGTACTTGCGCTTTGATGTGGAGGTTACGTTTGTGATTACTAGTTCGCAAGATCAATCCACAAGTGTAGCCCAGGATGCCCCAGTCTTAACACATCAAATAATGTACATACCACCTGGAGGCCCGGTGCCTAAGTCAGCTAGAGATTACTCGTGGCAATCATCCACTAACCCGAGTGTCTTTTGGACCGAGGGTAATGCACCACCACGAATGTCTATCCCCTTCATTAGTATTGGAGGGGCCTACAGCTCTTTCTACGATGGATGGTCTCACTTCAATCAACAAGGCCCATATGGATACAACACACTCAATGATATGGGCCAGTTGTACTTCAGACACGTGAATGAGGGTAGCCCAGGAGCAGTGACAAGCTATGTCAGGATATACTTCAAGCCCAAGCACGTCAGAGCATGGGTTCCCAGACCACCAAGGTTATGCCAGTATGAGAAACAAGGAAGTGTCGACTTTAAAGTCCAAGGTGTAACTGATGCACGCACGTCACTTACCACAACG,Echovirus E20,human,1
AHV79179,KF015733,VP1 protein,Enterovirus alpharhino,Enterovirus,Picornaviridae,China,Homo sapiens,"Institute of Medical Biology, Chinese Academy of Medical Sciences and Peking Union Medical, Molecular Epidemiology",China,NPVERYIDGVLNEVLVVPNTNESHPSTSNAAPALDAAETGHTSNVQPEDMIETRYVLNSQTRDEMSIESFLGRSGCIHISHLEVKYTGYNEEGNNFNIWPINLKEMAQIRRKFELFTYLRFDSEITLVPCIASQSENIGHVVMQYMYVPPGAPKPEKRDDYTWQSGTNASVFWQHGQPYPRFSLPFLSVASAYYMFYDGYDGGPGSRYGAVVTNDMGTLCSRIVTEEHQTQVKITTRVYHKAKHVKAWCPRPPRALGYTHTHVTNYKPSTGEYTLPIPTRANPRQILNV,AACCCAGTGGAGAGATACATTGATGGTGTGTTGAATGAAGTGTTAGTTGTTCCAAACACAAATGAAAGCCACCCCAGTACATCAAATGCTGCACCAGCACTAGATGCTGCTGAAACTGGACACACAAGTAATGTACAACCAGAAGACATGATAGAAACACGCTATGTGTTAAATTCACAAACTAGAGATGAAATGAGCATTGAAAGTTTTCTGGGAAGATCTGGTTGTATACACATATCACACCTGGAGGTGAAATACACAGGGTATAATGAAGAGGGTAATAACTTTAATATATGGCCAATTAACCTCAAAGAAATGGCTCAGATAAGAAGGAAATTCGAGCTATTTACATACCTTAGGTTTGATTCAGAAATAACTTTAGTACCATGTATAGCTTCACAAAGTGAGAACATTGGTCATGTAGTCATGCAATACATGTATGTCCCCCCTGGGGCTCCTAAACCTGAAAAGAGAGATGATTATACATGGCAATCTGGCACTAATGCATCTGTTTTCTGGCAGCACGGCCAACCTTACCCCCGATTCTCACTTCCTTTTCTCAGTGTGGCTTCAGCATATTACATGTTTTATGATGGGTATGATGGAGGGCCTGGGTCTCGTTATGGAGCAGTGGTAACAAATGACATGGGTACGCTGTGTTCCAGAATTGTTACTGAAGAACATCAAACACAGGTTAAAATTACAACTAGGGTGTACCACAAGGCAAAACATGTGAAGGCATGGTGTCCACGTCCTCCAAGAGCTCTTGGCTACACACACACACATGTGACCAATTACAAACCATCTACAGGAGAATATACACTACCCATCCCAACAAGAGCCAATCCTAGACAAATTTTGAATGTA,rhinovirus A22,human,1
