Accession,Nucleotide,Protein,Species,Genus,Family,Country,Host,Organization,Org_location,Protein_Sequence,Nucleotide_Sequence,Virus,Host_agg,Human
YP_010808963,NC_076037,VP2,Bopivirus abovi,Bopivirus,Picornaviridae,Japan,Bos taurus,"National Center for Biotechnology Information, NIH",USA,SPTVEECGYSDRVMQLTAGNSTITTQEAVQAVVAYGVWPEYKPGPGNAVDSPTKPGPSVQRFYTMDSVEWSSNWKGVGYKLPGCLTDMGLFGQNCQYHFLMNSSYCVHIQCNATKFHQGMLLVVAIPEMQYKNSSGPLDNVFEVEDGIYRHYPLHQLTIFPHQLINLRTNNSATLILPYVSANPSENAFTHDIWTVLIVPICPLNSSGGTTTIPVTATFGPMESSFSGLRGNNVLQ,,Bovine picornavirus,Cattle,0
YP_010808964,NC_076037,VP3,Bopivirus abovi,Bopivirus,Picornaviridae,Japan,Bos taurus,"National Center for Biotechnology Information, NIH",USA,GVPTFQVPGSGQFITTLRNTGYPIIPHFSESEGHKIPGQVKNLMEVAQVDTFCAIGDSSQPYFNVTPGKRDTPIKQWDMSFLDTVFGSTYLARLVKFYSQYRGTVNCTLTFAGPAMATGKLLIAYTPPGTDPPTDRTNAMLGTHVIWDIGLQSSIKFSIPYISQTQYRFANQQRTTLSYAGYISIFYQTGIVVPANTPNICPITLMCSAGDDFVMRVATDNAYYQ,,Bovine picornavirus,Cattle,0
YP_010808965,NC_076037,VP1,Bopivirus abovi,Bopivirus,Picornaviridae,Japan,Bos taurus,"National Center for Biotechnology Information, NIH",USA,GLGDETGKVITNAVKTKIESAITEAVTGPGLPSQLSLQTGDASALTAAETGASSSAAPSILMETREISTTFSREETSINSFMSRYARFHSATLNMNSNGASMIRVPIYFNQETTTQLAVRAKYRMFTYIRCHYDIVVICHNEEVARSSGLVVTTPQPYNFQILFSPAGSPQPAQWDSAEWAMPTMPSIFFKSTDPYCSFRIPFLSPSQAYCSFYDGYTDFNPEHARYGEFPGNYIGDLFVRSMSKYSTNDGVSGKWKMVFMARPVDVQVWCPRPIVSLKEASYIDTSTQRRILCVDEETTEQILIGQ,,Bovine picornavirus,Cattle,0
YP_010808975,NC_076038,VP2,Bopivirus abovi,Bopivirus,Picornaviridae,Japan,Bos taurus,"National Center for Biotechnology Information, NIH",USA,SPTVEECGYSDRIMQLTAGNSTITTQEAACAVVAYGEWPNGKISIGQAVDKPSTPGTSVERFFTFDSIDWTTSYKGQLFHLPGCLKNMGVFGSNMTYHYLMNSGFVAHVQLNATKFHQGAILVCAIPECQLEQEPTADVEEIPENFHQTYPKAQCTIFPHQIINIRTNNAATIVMPYFNCVPSENGLTHNYWTLAIIPLVPLQYSAGASTQVPITVTIAPLNSYFSGLRNQVTGQ,,Bovine picornavirus,Cattle,0
YP_010808976,NC_076038,VP3,Bopivirus abovi,Bopivirus,Picornaviridae,Japan,Bos taurus,"National Center for Biotechnology Information, NIH",USA,GVPMFEVPGSGQFITTLANTGYPALPFFEPTHGLHIPGEFVNFMEVCQIDTFCKAGDSELYFGVGQGRYTNNKPLKSWDMSLMSNLFTETYLSKFAKFYSQYRGSIKLTFLFTGSALTTGKFLIAYTPPGGDAPPDRESAMLATHAIWDIGLQSSFSFIIPWISATQFRFSNQSGNVYSYAGYITFFYQTALVTPPSTPQSSNILVMASACDDFEFRVATDNAYYQ,,Bovine picornavirus,Cattle,0
YP_010808977,NC_076038,VP1,Bopivirus abovi,Bopivirus,Picornaviridae,Japan,Bos taurus,"National Center for Biotechnology Information, NIH",USA,GLGDKLGKIISESVDTTMEKVVTKALEAPKMDAGLTIQEGEASALTAVETGVSASTESTQLMETRDCSLTFSRFETSVTSFYSRYAKFFAETLDMSADKQSMLVTELYFNKEKSTQLAIRTKYRMATYFRCHFDVVIVVHMSEMLDKSSTQPYVFQAIYVPPGASVPGTWASPEWSVPTTPSCYFKSTDPPASLRLPFISPSHAYASRYNGYSNFNIQSAQYGEYPGNFIGHLAIRTLSHHTTNTAVSGKFNVLMFARPVDVKVWGPRPIISLKRSSRVARSTGRVEIVSLEEDGDILHHHASHD,,Bovine picornavirus,Cattle,0
YP_010809112,NC_077220,VP2,Ovine picornavirus,,Picornaviridae,United Kingdom,Ovis aries,"National Center for Biotechnology Information, NIH",USA,SPSIEECGYSDRIIQLTAGNSTITTQEAAKAIVAYGEWPADQQYNKGQAVDKMTKPGPSVERFYTLESFQWTSNFKGRAYRLPGCLTDIGMFGQNCQYHYLLNTGYAIHVQVNATKFHAGMLYVGVIPECQVSAEPQDIMELQDEPFFAQYPLHQLPIFPHQFINLRTNNSATIIVPYINCNPSDSPLAHNNLTLVIAQVTSLSYGTGAASYVPITVTIGPLNTSFSGIRNAVFAQ,,Ovine picornavirus,Sheep,0
YP_010809113,NC_077220,VP3,Ovine picornavirus,,Picornaviridae,United Kingdom,Ovis aries,"National Center for Biotechnology Information, NIH",USA,GVPTFSVPGSGQFVTTLKNDGYPVIPFFEQVKDVHIPGRVRNLMEVCAIDTFCAAGEASQPYFNLNVGDYNENPIKTWDMSLLSTLFSTTYLGRCAKFFSQYRGSIKITFTMCGTALTTGKLLLAYTPPGGDAPAKRSDAMLGTHMIWDIGLQSSVTFIIPYISATQYRFANVSNNVLSYCGYITVFMQTAIVTPPSTGTIVPITVMASACDDMEFRLATDNAYYQ,,Ovine picornavirus,Sheep,0
YP_010809114,NC_077220,VP1,Ovine picornavirus,,Picornaviridae,United Kingdom,Ovis aries,"National Center for Biotechnology Information, NIH",USA,GINDDLTALIENKIQTVLQSVNAPASSSNSLPSTLAIQEGDAVALTATETGASSSTQPGQVMETRKIPLTFSKLETSIESFLSRYSLFFQGEINTNSAGNGYVRVPLWVNQNESTQLAVRTKYRMFTYLKMHFDVVIIITLKEGARAQNLIVTSTQPYTFQAIFCPAGAPTPSRWDSPEWVVPTTPSCYFKTTDPPASMRLPFMSPSFAYPIFYDGYSNFETETNQYGLFPGNNIGDIFIKCLTKHNVTDSVAGKFDVKCFARPLDIQAWCPRPIVTLKETVNVTASRGRIEAVSHETGHTITPRV,,Ovine picornavirus,Sheep,0
YP_010088089,NC_055159,VP2,Tottorivirus asuscro,Tottorivirus,Picornaviridae,Japan,Sus scrofa domesticus,"National Center for Biotechnology Information, NIH",USA,DSKTETYQNSDRVQVDKSGNTTLVSQAAVGRHVVTKPRPRYNVSSAADMESDGGPSTNRFYPIKVNTPWSTTQAQGEYWMMRLPQALGANGGVFTQMAARHSILKCGFDVVVMVNSTRFHGGCLGVFLVPEFTQKANTVGFDTKEPQTNITIDETIPLQQLFLYPHQLLNPRTNSSVTVSVPYCNFAPASDPTTHSTWSIVVVVISKLTLVTGATPNLTLQVNVRPTEAVFHGLRYASTFQ,,tottorivirus A1,Pig,0
YP_010088090,NC_055159,VP3,Tottorivirus asuscro,Tottorivirus,Picornaviridae,Japan,Sus scrofa domesticus,"National Center for Biotechnology Information, NIH",USA,GPIPIKLTQNSLQFVTTTPGTSDPVYGPCIAPTTDHMPLEVHDALQLMNIPTLCGPVGEEGELGVITLKQDHRSVAYHVDVSLSSRFIINTAIEAYSRPFAQYRGGIDVNMVFVGNQMQNVRYMVCFTPPGVDPPTTPEEGMNCEYIIYDTGLNTSCKFTVPYISTTDYRYVNSGAPNDVTVAGYVSFFQITDLAVPVGSPTTAQVLIFVSASDDFSVKHYAHSSFTYQ,,tottorivirus A1,Pig,0
YP_010088091,NC_055159,VP1,Tottorivirus asuscro,Tottorivirus,Picornaviridae,Japan,Sus scrofa domesticus,"National Center for Biotechnology Information, NIH",USA,GNEEPVEPGETGVSKQGDQTLQETSPMPVAPSNSNLSYMADRWAVMEVAKVENNDGAIVELSLKNLMKYSNLLEDLGCLYVRADLELSMKVLNEDALTGNIGIYAAFIPPGATNPGGTQIFNGPHGQNTVTLPALLKYSGCPVVKLTTGWTSMNVPYTSPLSALPMRYSGYANYTGGDWGVPPAATWGHLELRATTGTHQVLIYFRLKNFRGWVPKTRPRVPLPQRGRARDPNLVCT,,tottorivirus A1,Pig,0
YP_009553699,NC_040642,VP1 protein,Rhimavirus A,,Picornaviridae,Australia,Rhinella marina,"National Center for Biotechnology Information, NIH",USA,SGEAIGQCNMETGMVDEGAVAPEDVIVGAYDPVPDTNLAAWFAQYRDVSALADYASTPKPSIRFPDTTYNQIVIDLSAKTLTDYSVFPDQFTTMLSMFTYFKGDLKLRIEVYHRENPFEVGDWFKYTHIPIGGSANTDVAYLQSYPTITKHWNPNDASICVRVPYNSPLPAVTPYHYTQKTELQQLSGWGKLVLTSTKPFTSFVSVGIDGFRAWGPRPCGFASPVQTTTRDLEETQ,,Rhimavirus A,Frog,0
YP_009553700,NC_040642,VP3 protein,Rhimavirus A,,Picornaviridae,Australia,Rhinella marina,"National Center for Biotechnology Information, NIH",USA,HFRVRQTPGALAFSNVTPGQEIEFFSVAPQAPPSDWIPGEVFDWLELARTPTLVSDSIEWTQAHATGTLLHQIPVQPFSGAATMLSIVASNFAQWRGPINMTYMFTGARQHYGKLLISYNPNPFKPPSTMSEAMQGVYTIWDIGLNSSTKFTIPFLSSLPWRPIQGDVDLNIGYVSVWVYNELMGPSNTTSSAVVLPYISAATEFQMRFAVCPNITYLHEETQ,,Rhimavirus A,Frog,0
YP_009508910,NC_038303,VP2,Aphthovirus bogeli,Aphthovirus,Picornaviridae,Germany,Bos taurus,"National Center for Biotechnology Information, NIH",USA,DHKTEETTKLEDRILVTRVGPTTQTTQSSVGVVQGYGGPEPQDTTTLAAGLAVEVPSAQRFYDIGTWDWSTTSAAGHTKRYPLPASLRKGAFANLAKTYVLMQNGWEIVVSAQGTLSHGGMLMVAMVPELNFKTESDAQPADYRQYTVFPHQMINPRTNTTAHIRVPYVGAFSMEDVNKHNAYTLVLVVVSPLTAGGHTKTVVKVKVTAAPIDVRVVGETPERQ,,Bovine rhinitis A virus,Cattle,0
YP_009508911,NC_038303,VP3,Aphthovirus bogeli,Aphthovirus,Picornaviridae,Germany,Bos taurus,"National Center for Biotechnology Information, NIH",USA,GLVPLAPHVGYGGFKTTAPITADPVCGGVYNPPRQDMPGRFTNFLQVAQVCPTFGKVGSGATPYFVTQTDNDVLLSTIDVSLTSYEMSSTFLAGLAQFYAQYRGTINVHFVFTGSVNDKARFRVVFVPPGTDPPTTAVDASLHIHSDWDSGLNSEFVYPVPYVSPTPYTTTHGAEADQATVNGWIQIYQLDATASNLAVTVAFSAGPDFELRFPCEPVHYE,,Bovine rhinitis A virus,Cattle,0
YP_009508912,NC_038303,VP1,Aphthovirus bogeli,Aphthovirus,Picornaviridae,Germany,Bos taurus,"National Center for Biotechnology Information, NIH",USA,VTTDVGESGVGHDATVERLGGVDAPSFRTHTDVSWVLDRYAIAAKVAGYKASLGAGLVLDPVALPTTSMMGQLLRAATYYFADLELAVVPRGQPGEYAMVKWLPVGTPFDLADTGLDGLALQGLDSTCSVGFTGSAGNGSAAVMAIPYNSPMRVIPTVYAGTTQYTHVSPARPGTANYGLIFVIGDSGVTFRVMYRLKRTELYCPRPLVYRQKNTVTFGKRQKFKLAGIDKE,,Bovine rhinitis A virus,Cattle,0
YP_009508921,NC_038304,VP3,Avisivirus aturki,Avisivirus,Picornaviridae,USA,Meleagris gallopavo,"National Center for Biotechnology Information, NIH",USA,GRRRKASRPEQNPTTAMVSIASGPGSANLANSTIAPRLADSLAIANEGTAVDYSTAGCDQSVNDIIELARSWQLAAYGKLNSADKDTVILNMNFVPYSYGNLGLLFDKFQYWRGSLEVQFVMYSNSLASGRYQLCWFPADWSDSSRAYTLAQLRNSIYATGDVSSAPCTLVLPFTNQNWRRRCDSNYGSITVRMVNRLAVNGSSTTHFSYALFVRAGQDLQFFAPRYGDYSIQQ,,Turkey avisivirus,Birds,0
YP_009508922,NC_038304,VP1,Avisivirus aturki,Avisivirus,Picornaviridae,USA,Meleagris gallopavo,"National Center for Biotechnology Information, NIH",USA,GPIEGETYNQASTLSTNFEISDVVIHGSKHTQIDNYFGRAWVEGFHTSTAASTAMKLPLQTPRHSHGSAMLGFAYWCGEVVITVHNRSQNMLICAHSYDLEEQHSQVNEQSIFSLGAILVPPREVKTFRAPWYSQTPLRRPLDDPNEPSMGFLYVSSEGTSDFTVYLALHKPKFFFPLPCPMFTSNQSREAPRQPKSIAERKIELSSVARRTLEWARREVGAIDE,,Turkey avisivirus,Birds,0
YP_009508931,NC_038306,VP2 protein,Enterovirus alphacoxsackie,Enterovirus,Picornaviridae,,,"National Center for Biotechnology Information, NIH",USA,SPSAEACGYSDRVAQLTVGNSTITTQEAANIIVSYAEWPEYCPDTDATAVDKPTRPDVSVNRFYTMPATLWETESKGWYWKFPDLLNEIGVFGQNAQYHYLYRSGFCIHVQCNASKFHQGALLVAVIPEFVVAEQDATQKPNTAKHPALEATQPGKKGRAFIHPYVLDCGVPXSQALVFPHQWINLRTNNCATIVVPYINALPFDSAINHSNFSLAVVPVCPLKYNTGATPSIPITITVAPLCSEFAGLRQAVKQ,,Coxsackievirus A2,unknown host,0
YP_009508932,NC_038306,VP3 protein,Enterovirus alphacoxsackie,Enterovirus,Picornaviridae,,,"National Center for Biotechnology Information, NIH",USA,GIPVEMKPGTNQFLTTDDGTSAPILPGFHPTPAIHIPGEVHSLLELCQVETMLEVNNTTRAVELDRLRIPVSAQSAVDTLCAAFRVDPGRDGPWQSTMVGQLCRYYTQWSGSLKITFMFTGSFMATGKMLVAYTPPGGAQPATRELAMLGTHVIWDFGLQSSVTLVIPWISNTHYRAVETGGVFDYYTTGVVTIWYQTNFVVPPDTPTSAYILAFGAGQKNFTLKLCKDTDEITQQAVLQ,,Coxsackievirus A2,unknown host,0
YP_009508933,NC_038306,VP1 protein,Enterovirus alphacoxsackie,Enterovirus,Picornaviridae,,,"National Center for Biotechnology Information, NIH",USA,GDGIEDAITNTVNATINRVLDRPISHSSTAANTQVSQHSIETGRVPALQAAETGATSNASDENLIETRCVVNKNSVEEASLNHFFSRAALVGKVELNDTGTAATGFTNWNIDIMGYAQLRRKLEMFTYMRFNAEFTFVATTRAGQVPSRVLQYMYVPPGAPKPDGREAFQWQSSTNPSVFSKMTDPPPQVSVPFMSPASAYQWFYDGYPTFGEHNGEDSLRYGQCPNNALGTFSVRFVSEEITNERITIRIYMRLKHIRAWVPRPLRSEPYVLKNFPNYTAVTHVTANRPSITNT,,Coxsackievirus A2,unknown host,0
YP_009508942,NC_038308,VP2 protein,Enterovirus deconjuncti,Enterovirus,Picornaviridae,USA,,"National Center for Biotechnology Information, NIH",USA,SPSAEACGYSDRVLQLKLGNSAIVTQEAANYCCAYGEWPNYLPDHEAVAIDKPTQPETSTDRFYTLRSVKWESNSTGWWWKLPDALNNIGMFGQNVQYHYLYRSGFLIHVQCNATKFHQGALLVVAIPEHQRGAHDTTTSPGFNDIMKGERGGTFNHPYVLDDGTSIACATIFPHQWINLRTNNSATIVLPWMNVAPMDFPLRHNQWTLAVIPVVPLGTRTMSSVVPITVSIAPMCCEFNGLRHAITQ,,enterovirus D68,unknown host,0
YP_009508943,NC_038308,VP3 protein,Enterovirus deconjuncti,Enterovirus,Picornaviridae,USA,,"National Center for Biotechnology Information, NIH",USA,GVPTYLLPGSGQFLTTDDHSSAPVLPCFNPTPEMHIPGQIRNMLEMIQVESMMEINNTDGANGMERLRVDISVQADLDQLLFNIPLDIQLDGPLRNTLVGNISRYYTHWSGSLEMTFMFCGSFMATGKLILCYTPPGGSCPTTRETAMLGTHIVWDFGLQSSITLIIPWISGSHYRMFNSDAKSTNANVGYVTCFMQTNLIVPSESSDTCSLIGFIAAKDDFSLRLMRDSPDIGQ,,enterovirus D68,unknown host,0
YP_009508944,NC_038308,VP1 protein,Enterovirus deconjuncti,Enterovirus,Picornaviridae,USA,,"National Center for Biotechnology Information, NIH",USA,SNHLHGAEAAYQVESIIKTATDTVKSEINAELGVVPSLNAVETGATSNTEPEEAIQTRTVINQHGVSETLVENFLGRAALVSKKSFEYKNHASSSAGTHKNFFKWTINTKSFVQLRRKLELFTYLRFDAEITILTTVAVNGNNDSTYMGLPDLTLQAMFVPTGALTPKEQDSFHWQSGSNASVFFKISDPPARMTIPFMCINSAYSVFYDGFAGFEKNGLYGINPADTIGNLCVRIVNEHQPVGFTVTVRVYMKPKHIKAWAPRPPRTMPYMSIANANYKGRDTAPNTLNAIIGNRASVTTMPHNIVTT,,enterovirus D68,unknown host,0
YP_009508953,NC_038309,1B (VP2),Enterovirus hesimi,Enterovirus,Picornaviridae,,,"National Center for Biotechnology Information, NIH",USA,SPSAEACGYSDRVAQLTIGNSTITTQEAANVVVAYGQWPEYLGPQDATAVDKPTQPDVASNRFYTLKTVSWQRNSTGWYWKFPDCLASVGLFGQNVQYHYLGRYGLAIHVQCNASKFHQGTLLVLAIPEWEIGVSNADRAPFNLTNPDKNGHTMTGQEAYCLHNGTNIHSSLVFPHQFINLRTNNCATLVLPYVGATPLDTPIKHNVWSLVVIPVVPLDYTTGATTQVPITITMAPMACEFNGLRNAITQ,,Simian enterovirus SV4,unknown host,0
YP_009508954,NC_038309,1C (VP3),Enterovirus hesimi,Enterovirus,Picornaviridae,,,"National Center for Biotechnology Information, NIH",USA,GLPVLNTPGSGQFVTTDNFQSPNLIPNFDVTQVFNSPGEIVNLQQYVQIEGIMEINNVANAENLERIRIPISVQSDIDEMLFAINCNPGTAQEFRRTPLGDVCRYYTQWSGSIQITFTFCGSFMTTGKLLICYTPPGGRVPGNREEAMLGTNVIWDFGLQSSVTLNIPWISGAHYRNASVNIDGFDNTGYVSAWFQTNMVVPPDAPTTAYILAFTSAKDDFSMRLLRDTTEISQDGFLQ,,Simian enterovirus SV4,unknown host,0
YP_009508955,NC_038309,1D (VP1),Enterovirus hesimi,Enterovirus,Picornaviridae,,,"National Center for Biotechnology Information, NIH",USA,GPIDQAIEKVITDVVSDTRESNSDFSIGTVPALNAVETGATSQASVESTIETRAVQNRHRTSEMSVESFLGRSSLVTRFTINNGGTDNTTKFHNWKINLKEVVQLRRKLEMFTYVRFDLEVTIVAVNLTGNGGVRYMYQAMYCPPGAPLPNNADQYLWQSSTNPSIIGAVGEVPGRVSVPFVSNANMYATFYDGYPSFGNINGQGNGSDYGAFIPNDMGTLCFRLLNIFNNGPQIQFRVFMKPKHVRVWCPRPCRTLQYVKLGTPRYSAQDTHLNKMTTDRTNIKTVVNYVMSGYSRTIEQY,,Simian enterovirus SV4,unknown host,0
YP_009508964,NC_038310,capsid protein VP2,Enterovirus idromi,Enterovirus,Picornaviridae,United Arab Emirates,Camelus dromedarius,"National Center for Biotechnology Information, NIH",USA,SPSAEACGYSDRVAQLTLGNSTITTQEAANIVVAYGRWPEHLSDTDATAVDRPTQPGTSCERFYTLTSYLWTENTKGRYWKLPDALSDLGMYGQNLQFHYLVRNGWCIHVQCNATKFHQGLLLVVAIPEHKINATSVPPFEQTNPGADGREFFDPYLLDNGEALANALIYPHQWINLRSNNSATLVLPYVNAIPMDSGIRHNNWTLAVIPIQELAYATGATTSVPITITIAPMATEFNGLRTAIAQ,,Dromedary camel enterovirus 19CC,Camel,0
YP_009508965,NC_038310,capsid protein VP3,Enterovirus idromi,Enterovirus,Picornaviridae,United Arab Emirates,Camelus dromedarius,"National Center for Biotechnology Information, NIH",USA,GLPTKPGPGSYQFLTTDDEQSPCLLPQFQPTPIIDIPGEVRNVLEIVQVESMVEVNNVAGATGVQRLRIPLSLQDTLEQQIFSLRVDPGIDGPMQHTLLGIFTRYYSQWSGSIELTFMFTGTFMSTGKILLAYTPPGGDAPTTRTEAMLGTHVVWDFGLQSSITLVVPWISSGHFRGVADSDTFKYRYYEAGFVTGWYQTNMVVPPQFPNTASIICLVAAQPNFSLRCLRDRPDMQQTAALQ,,Dromedary camel enterovirus 19CC,Camel,0
YP_009508966,NC_038310,capsid protein VP1,Enterovirus idromi,Enterovirus,Picornaviridae,United Arab Emirates,Camelus dromedarius,"National Center for Biotechnology Information, NIH",USA,APKDAVQGAIQTVADTVASTHNISTAETPALQAAETGATSNTSDEGMIETRHIVNTHGIMETRVESFFSRSGLVGMAITNNDFGSWTINFGEFVQLRAKLYLFTYARFDLELTIVASVVHVSESTPVRGTNEDVRYQVMYVPPGAPEPSTQDTFQWQTSCNPSVISTTMSAPARVSVPFMSTASAYSSAYDGYATFQDTAPANYGILPSNYLGRLFFRTMEKLDEGKELRLRIYAKPKHVRTWIPRAPRAVPFRSRYYDVYTKVDNLVENRPSITTT,,Dromedary camel enterovirus 19CC,Camel,0
YP_009508986,NC_038312,1B (VP2),Enterovirus betarhino,Enterovirus,Picornaviridae,USA,,"National Center for Biotechnology Information, NIH",USA,SPNVEACGYSDRVQQITLGNSTITTQEAANAIVCYAEWPEYLSDNDASDVNKTSKPDISVCRFYTLDSKTWKATSKGWCWKLPDALKDMGVFGQNMFYHSLGRTGYTIHVQCNATKFHSGCLLVVVIPEHQLASHEGGTVSVKYKYTHPGDRGIDLDTVEVAGGPTSDAIYNMDGTLLGNLLIFPHQFINLRTNNTATIVVPYINSVPIDSMTRHNNVSLMVVPIAPLNAPTGSSPTLPVTVTIAPMCTEFTGIRSRSIVPQ,,rhinovirus B3,unknown host,0
YP_009508987,NC_038312,1C (VP3),Enterovirus betarhino,Enterovirus,Picornaviridae,USA,,"National Center for Biotechnology Information, NIH",USA,GLPTTTLPGSGQFLTTDDRQSPSALPSYEPTPRIHIPGKVRNLLEIIQVGTLIPMNNTGTNDNVTNYLIPLHADRQNEQIFGTKLYIGDGVFKTTLLGEIAQYYTHWSGSLRISLMYTGPALSSAKIILAYTPPGTRGPEDRKEAMLGTHVVWDIGLQSTIVMTIPWTSGVQFRYTDPDTYTSAGYLSCWYQTSLILPPQTSGQVYLLSFISACPDFKLRLMKDTQTISQTDALTE,,rhinovirus B3,unknown host,0
YP_009508988,NC_038312,1D (VP1),Enterovirus betarhino,Enterovirus,Picornaviridae,USA,,"National Center for Biotechnology Information, NIH",USA,GLSDELEEVIVEKTKQTLASVSSGPKHTQSVPALTANETGATLPTRPSDNVETRTTYMHFNGSETDVESFLGRAACVHVTEIKNKNAAGLDNHRKEGLFNDWKINLSSLVQLRKKLELFTYVRFDSEYTILATASQPEASSYSSNLTVQAMYVPPGAPNPKEWDDYTWQSASNPSVFFKVGETSRFSVPFVGIASAYNCFYDGYSHDDPDTPYGITVLNHMGSMAFRVVNEHDVHTTIVKIRVYHRAKHVEAWIPRAPRALPYVSIGRTNYPRDSKTIIKKRTNIKTYGL,,rhinovirus B3,unknown host,0
YP_009513256,NC_039209,VP2,Aphthovirus burrowsi,Aphthovirus,Picornaviridae,,Equus caballus,"National Center for Biotechnology Information, NIH",USA,DKKTEETTNIEDRIETTVVGVTIINSQGSVGTTYCYSRPDSKAPSTVSDPVTRLGPTLSRHYTFKVGEWPHSQSHGHAWICPLPGDKLKKMGSFHEVVKSHHLVKNGWDVVVQVNASFAHSGALCVAAVPEYKHTHEKALKWSELEEPAYTYQQLSVFPHQLLNLRTNSSVHLVMPYIGPGPTTNLTLHNPWTIVILILSELTGPGQTVPVTMSVAPIDAMVNGPLPNPE,,Equine rhinitis A virus,Horse,0
YP_009513257,NC_039209,VP3,Aphthovirus burrowsi,Aphthovirus,Picornaviridae,,Equus caballus,"National Center for Biotechnology Information, NIH",USA,APIRVVSVPESDSFMSSVPDNSTPLYPKVVVPPRQVPGRFTNFIDVAKQTYSFCSISGKPYFEVTNTSGDEPLFQMDVSLSAAELHGTYVASLSSFFAQYRGSLNFNFIFTGAAATKAKFLVAFVPPHTAAPKTRDEAMACIHAVWDVGLNSAFSFNVPYSSPSDFMAVYSADATVVNVSGWLQVYALTALTSTDIAVNSKGRVLVAVSAGPDFSLRHPVDLPDKQ,,Equine rhinitis A virus,Horse,0
YP_009513258,NC_039209,VP1,Aphthovirus burrowsi,Aphthovirus,Picornaviridae,,Equus caballus,"National Center for Biotechnology Information, NIH",USA,VTNVGEDGEPGETEPRHALSPVDMHVHTDVSFLLDRFFDVETIELSNLTGSPTTHLLDPFGSTAQFAWARLLDTCTYFFSDLELSIQFKFTTTPSSVGEGFVWVKWFPVGAPTKTTDAWQLKGGGNSVRIQKLAVAGLSPTVVFKIAGSRSQACGFNVPYTSMWRVVPVFYNGWGAPTKEESTYNWLPGAHFGSILLTSDAHDKGGCYLRYRFPRASMYCPRPIPPAFTRPADKTRHKFPTNINKQCT,,Equine rhinitis A virus,Horse,0
YP_009483878,NC_037654,VP2,Sichuan takin enterovirus,Enterovirus,Picornaviridae,China,Budorcas taxicolor tibetana,"National Center for Biotechnology Information, NIH",USA,SPSAEACGYSDRVAQLTLGNSTITTQEAANITVGYGEWPSYLSDLDATAVDKTTKPGVSCDRFYTLPTKKWEDSSKGWEWKLPDALTELGVFGQNSQYHYLYRCGWVVHVQCNATKFHQGCLYVGMVPEHQLGTRKEPTFEQVMPGKGGIEMTHTYEFDDGTSFANALIYPHQWINLRTNNSATIVVPYMNAIPMDSPIRHSSWSLIVAPITFLRHATGTTPFVAVTVTVAPMFSEFSGLRRAIVQ,,Sichuan takin enterovirus,Antelope,0
YP_009483879,NC_037654,VP3,Sichuan takin enterovirus,Enterovirus,Picornaviridae,China,Budorcas taxicolor tibetana,"National Center for Biotechnology Information, NIH",USA,GIPTMATPGSFQFLTTDEDSSPCALPDFCPTQEIHIPGEVTNLLAMCQVESIVEINNVAEKFRNNRLLLPVNTQAEPDQQLFALNLSLSEGSVLSKTLVGIICSYYTQWSGSLELTFMFTGTFMTTGKILLAYSPAGGSAPTSREDAMLGTHVIWDFGLQSSITLVVPWISGGNYRGVSSTNAYEYYQAGYVTGWYQTNMVIPPDFPSEANIICLVAAQPNFSLRILKDRPDMDQTAALQA,,Sichuan takin enterovirus,Antelope,0
YP_009483880,NC_037654,VP1,Sichuan takin enterovirus,Enterovirus,Picornaviridae,China,Budorcas taxicolor tibetana,"National Center for Biotechnology Information, NIH",USA,PPIEAALNNHINHTVSNALTAANTNESSHNISTSSTPALQAAETGATSNASDEGMIETRRVINTNGVQETSVEAFFGRSGLVTIM,,Sichuan takin enterovirus,Antelope,0
YP_009361820,NC_034381,VP3,Mischivirus acombewi,Mischivirus,Picornaviridae,China,Miniopterus schreibersii,"National Center for Biotechnology Information, NIH",USA,QGPVPTSIRENQSMFLTTIPDRTTPSYGLCKGPSDYMPGEITDLVQIGQIPTFISNYSVTNDPPKPYFEILSTNISGDQVFKANVILTDRALLRTAAAATALCFTQYSGSTIYRFMFAGSAMHKLKLLISYTPPGAGEPTQLDDAANGTYAVWDVGLNSTFEFTIPFISPSERRFTYNGNSTELDVDGWLTVYQLTPLTYPVGAPTSAKIVVSFAFGPDFSLHNPVVPMLNQ,,mischivirus A1,Bat,0
YP_009361821,NC_034381,VP1,Mischivirus acombewi,Mischivirus,Picornaviridae,China,Miniopterus schreibersii,"National Center for Biotechnology Information, NIH",USA,GTTNAEAGEPDVQSPAADFTATDIPTPKLSQSNVTFFYDRSFYVGPIIPAPMSSRPNDGIIPENFVLLTPHFAKGLKQVLHRFTEGWRNFSRQAYGFLAACPFTYYKADLEVTIVPKQGMNNQVYNVHWFPSGAHFPTTYIPETNASLAYKGLLSTQPTASNHGFNPVSFTIPMTTPLSYMAIDYDGWNAFSDGTYGICPANNFGAIVVTAGPDSATNMRMSVFIRFKNLRAFVPRPYRMTLRTVNSKFRPCTTE,,mischivirus A1,Bat,0
YP_009268631,NC_030454,capsid protein VP2,Enterovirus alphacoxsackie,Enterovirus,Picornaviridae,India,Homo sapiens,"National Center for Biotechnology Information, NIH",USA,SPSAEACGYSDRVAQLTVGNSTITTQEAANIVVSYGEWPEYCPDTDATAVDKPTRPDVSVNRFYTLPARLWEKASTGWYWKFPDVLTQTGVFGQNAQFHFLYRSGFCIHVQCNASKFHQGXLLVAIVPEFVLGSESTEQKPNIAKHPEFNEVMPGQKGATFKHPYILDCGIPISQALVFPHQWINLRTNNCATIVVPYINALAYDSAINHSNFSLVVIPVSPLEYQNGATTAIPITVTIAPLCSEXAGXRQAIKQ,,enterovirus A114,human,1
YP_009268632,NC_030454,capsid protein VP3,Enterovirus alphacoxsackie,Enterovirus,Picornaviridae,India,Homo sapiens,"National Center for Biotechnology Information, NIH",USA,GLPVEMKPGTNQFLTTDVGVSAPILPGFDPTPLIHIPGEVSSLLELCRIETILEVNNTTRSVEMERLRIPVSVQNEVDSLCASFRVDPGREGPWQSTMVGQICRYFTQWSGSLEITFMFTGSFMATGKMLIAYTPPGGEQPTSRDLAMLGTHIIWDFGLQSSITLVVPWISNTHFRSVXTGGLRDYYATGIVTMWYQTNFVVPPKTPTTAYIIAMAAAQKNFTLKLCKDTDELTQQAVLQ,,enterovirus A114,human,1
YP_009268633,NC_030454,capsid protein VP1,Enterovirus alphacoxsackie,Enterovirus,Picornaviridae,India,Homo sapiens,"National Center for Biotechnology Information, NIH",USA,GDGLEAALVHATESAIQSALARPTAANTTASNHSIGTGSVPALQAAETGASSTATDERMIETRCVVNRNGTTEATIEHFFSRAALVGKVHINDTGTTGKGFDLWDIDVMGYVQLRRKLELFTYMRFNAEFTFVTTTHEGKTPECMLQFMYIPPGAPHPDTRDAFQWQTSTNPSVFAKMSDPPAQVSVPFMSPASAYQWFYDGYPTFGDHSGDDSLRYGQCPNNMLGTFAIRVVSENVSGYNFTTRVYMKLKHIRAWVPRPLRSQPYILKNYPNYDGQNIHPASHNRSTITTT,,enterovirus A114,human,1
YP_009249464,NC_029905,VP2,Enterovirus lesimi,Enterovirus,Picornaviridae,China,Macaca mulatta,"National Center for Biotechnology Information, NIH",USA,SPSAEECGYSDRVQQLVLGNTAITTQEAANVVVGYGKWPENLSSKDATAIDAPTFPDTAVNRFYTFDSVLWSAQSNGWYYRLPGSMLDFGLFGQNMQYHYLMRTGYAIHVQCNASKFHQGALLVAVIPEMQTDNPEGSVDTGILTPLDGATNLKFDESLEPEQLTIFPHQWINLRTNNTATIIMPYANSVPMDNGLIHNNCTLVILPVAGLQYSTGATVVVPITVTIAPMCSEYNGLRFAITNAHTQ,,Enterovirus SEV-gx,Macaque,0
YP_009249465,NC_029905,VP3,Enterovirus lesimi,Enterovirus,Picornaviridae,China,Macaca mulatta,"National Center for Biotechnology Information, NIH",USA,GLPVRNLPGSRQFLTTDIYSAPPAIPYFDPSPEIDIPGEVKNLLELAKVDTIMPFQDTNKKWRLNLEVSVQTSVGQKLTEFEVGPTTGEAWQKTLLGALLKFYTHWTGSIKLSFMFCGTAMTTGKFLICYTPPAGRAPQSRQEAMLGTNLIWDIGLQSTATLVIPWIAASHYRLNGKTNSEGRVGLYSTSGRITIFYQTNIVVPPDCPTTAKIVLLVSACDDFVMRIPLDSAYQQ,,Enterovirus SEV-gx,Macaque,0
YP_009249466,NC_029905,VP1,Enterovirus lesimi,Enterovirus,Picornaviridae,China,Macaca mulatta,"National Center for Biotechnology Information, NIH",USA,GPNPVGNALNKEINKVTQSLSAMSIDETGSSVHPDSAPGLNAQETGATSTTEPEQMMETRAVMNNHSQRETTLENFFSRAALVQIMTFVYGKDTAAANNDYTSWVIDLRNATYTVFRRKIEMFTYMRFDLEIIALFTVTPKNAESGYFPNLEYQVMYVPPGAQTPTSSVDKPWQTATNPSVFTRQGDPPVSFSIPFLSVANAYSMFYDGYSNFNDVGNSIYGLFPPNDMGVISVRTVNDNPPTGQEFDVKCRIYFKLKHVKAWIPRPIRQAPYKAPASSMLLSEDTLHMLRINDEGDDLVCQTAFDE,,Enterovirus SEV-gx,Macaque,0
YP_009241355,NC_023988,VP3,Tortoise rafivirus A,,Picornaviridae,USA,Indotestudo forstenii,"National Center for Biotechnology Information, NIH",USA,HFKVRRTPASNSFGNVVSGQEIEFAAFAPQAPPHHWLPGEVFDWLELARIPTQNGKNILWEQSAEAGTLLEQYEVQPYDPNSPSYMSFIAANFAQYRGPINYYFMFTGARQHYGKLVVCYNPNPFQAPTTMAEAMQGVTTVWDVGLNSTLKFTVPFISSMPWRPTQNTVNLSTGYVTVWVYNQLMGPSNVTNNAQIVSFIGASQEFQLRFPVLPTFYYEKPESAQ,,Tortoise rafivirus A,Tortoise,0
YP_009241356,NC_023988,VP1,Tortoise rafivirus A,,Picornaviridae,USA,Indotestudo forstenii,"National Center for Biotechnology Information, NIH",USA,GGEELTNMETGTVSEAAEAPAEVIIGAYDPVMDTNIAAWFSQYRLWTPTTATWQPATSRHSSESFGMMTIDLSIEALSAASTQFSWMLSIFTYVKGDLKIQIAANQWGIPPPVRIAHIPVGASATNDPLELDSYPQIIWTPTASDLNIAIRIPYNSTNTAVSRHQYTTRQEVKPLSSWGTLVLVTNGSVGNLPVPLFSAAFDGFRCWAPRPFPNAPYVPPSTTVVQTPERQLEKAQ,,Tortoise rafivirus A,Tortoise,0
YP_009220466,NC_028981,VP1,Tupaia hepatovirus A,Hepatovirus,Picornaviridae,China,Tupaia chinensis,"National Center for Biotechnology Information, NIH",USA,AGDEESFSSTPEAIQNQPDPCGGITSPKELKGKANQGKLDLAAGKVPAGVVTVIEDPVLAKKVPETFPERKPGISRHTSDHMDIYKFMGRSHFLGTFTFNSNNMQYTFPISISSTSNPPHGLPSTLRWFFNLFHLYRGPLDLTIVVTGATDVDGMIWFTPMGLAQDTPWVEAASKLSIDYRTSLGAVRFNTRRTGNIQMRLPWYSYLYAISGALDGVGDTSDSTFGSISVQISNYNHSDEYLSFSLYLSVTEQSQFMFPRAPLNNNAMAESSRVRRDLSEHVE,,Tupaia hepatovirus A,Shrew,0
YP_009220467,NC_028981,VP3,Tupaia hepatovirus A,Hepatovirus,Picornaviridae,China,Tupaia chinensis,"National Center for Biotechnology Information, NIH",USA,MMRNEFRISTTENVVNLSNYEDARAKISLALDQEDWRKDSSEAGGLEITNFTTWTSIPTLATQFPFNASSTVGAQIKVIPVDPFYYQMVNSSPEQKCVTSLASIAQMYCYWRGDLVFDFQAFPTKYHSGRILICFVPGNENMDVSKITLKQATTGPCAVMDITGVNSTLRFRVPWICDTPYRVNRYTKSAHVKGEYTATGKLIVFVYNRLSHPNNVASHVYFNVYISAVNLELFGPVYHVMDAAAQ,,Tupaia hepatovirus A,Shrew,0
YP_009220468,NC_028981,VP2,Tupaia hepatovirus A,Hepatovirus,Picornaviridae,China,Tupaia chinensis,"National Center for Biotechnology Information, NIH",USA,DIEEEQVMEHPDRVSVAGASYFTSVDQSSVHSSVAGRHQREPLLTSVDLPGSKRTQGEKFFLIHTAEWQTTDALFHEVAKLDVVKLLYDQQFAVDGLLRYHTYGRFGIEIQVQINPTTFQQGGLICAMVPADQGYGSLACLTVYPHGLLNCNINNVIRIKVPFVYTRGAYNFREPQYPIWELTVRVWNRLYIGTGTTPYTTVNILARMVDLELHGLTPIMTQ,,Tupaia hepatovirus A,Shrew,0
YP_009179369,NC_028380,VP3,Sicinivirus ahiberni,Sicinivirus,Picornaviridae,China,Gallus gallus,"National Center for Biotechnology Information, NIH",USA,GVPMAQYLPEHELTDYIPGSFDSFMRFANTPGLIRTLRWGSEYGPGQYLLRLNLNSVSLGPDTHTPLAYVLSSFAQQRGSLSFDLVFVGAQVQSGRLLVSITPPSQTPPQSVEDALRGHSLTWDVTVSCNCSFHAPFFSANAWRSLAVDGSATSALYNSWGWLSVFVYTPLLSTPFSCDYATVHVFVRAGPEFVTRIPSGLAASIQ,,sicinivirus A1,Birds,0
YP_009179370,NC_028380,VP1,Sicinivirus ahiberni,Sicinivirus,Picornaviridae,China,Gallus gallus,"National Center for Biotechnology Information, NIH",USA,VQGDEVVPANASPDDGINALEQNHVRGPPSMEVAPYFSMFTKAWMSPLKQSEPDEEAYATSPTAAAPIVAYLTEAMSLPQSVDLSPSMWVRSVHTRGTSSLLTQAISSCFYFRADLDIELMITIPAISYASTVQYPAICVQYHPPGSTIIQPQESQSATVFNTPSASVYTTAFPRLPVPKASSGAGSSQAVTYHLNLSVPYSAINPMVPSIYSGTTVDLKKPQDAVYAAPDSLGRLYIFFMRDGCSNTDCVLGDLRLRLRNFTPAVARLPLLALAYDTVE,,sicinivirus A1,Birds,0
YP_009167349,NC_027918,VP3,Kobuvirus dekago,Kobuvirus,Picornaviridae,Japan,Bos taurus,"National Center for Biotechnology Information, NIH",USA,HWKTRAVPGSGAFGSVVADQEIPIYGVCPFSPPVDYLPGEVTDWIEFCHRPGIFNIYTWTAAEGTGDLIAQETIDSIALSALGIPIAFVTSMFTQWRGPLHLSLLFTGSAQHYGRLLVAYSPPGTRAPASLEDAARGTSTVWDINGVSTLDFTIPFISATYWKVNNLATPNSLLCQLGTISVYVMQPLTGPSTTSPSASVVAFLSAGDGYNVRGINMPSLALQ,,Kobuvirus cattle/Kagoshima-2-24-KoV/2015/JPN,Cattle,0
YP_009167350,NC_027918,VP1,Kobuvirus dekago,Kobuvirus,Picornaviridae,Japan,Bos taurus,"National Center for Biotechnology Information, NIH",USA,PQAGEDLDAPTSTSSIESGAPVSAPETRTTFEYKDAPRPPDSMLANFFSFYRPIFVSGSNYSIQLTSGIQIMELNPVSWISNAGPGDTLPLLLSCFTYIRGDPRVAIRVSNPAAYAAYLSFFFIPPGGAVPNTNFTNIQLGDCYNVRATVGPTAEETICLSIPYANPLSAIPTSFMGFADFTGGTDVVNTTFGTLVITVTFQGNVDTSQYPTIYPSIAFGNFRAWVPRAPPTTASAPSTTSSAFSDPRGTALEYYRLHVATHPQLPIALSRRQ,,Kobuvirus cattle/Kagoshima-2-24-KoV/2015/JPN,Cattle,0
YP_009167360,NC_027919,VP3,Kobuvirus dekago,Kobuvirus,Picornaviridae,Japan,Bos taurus,"National Center for Biotechnology Information, NIH",USA,HWKIRAVPGGGAFGSVVADQEIPIYGVTPYDPPSEYLAGRVHDWIEFAHRPGIYDIYSWTMADDQGTLIAQSPIDSLVLSALGIPIAFVTSLFTQWRGPLHLSLLYTGSSQTYGRLLVAYSPPGTSAPTNMQDASRGTTTIWDINGSSTLDFTIPFISATYWKVNNLSTPSSLLGFLGTVSIFVMGPLTGPANAPPSGAIVAFLSAADGFGLRGIAMPSLALQ,,Kobuvirus cattle/Kagoshima-1-22-KoV/2014/JPN,Cattle,0
YP_009167361,NC_027919,VP1,Kobuvirus dekago,Kobuvirus,Picornaviridae,Japan,Bos taurus,"National Center for Biotechnology Information, NIH",USA,PQAGTDLDAQTSQSTIENGAPTSAPEERTTFQYVDAPVPPDTNLAAYFSFYRPIFISGNSYSVQLLSSIQVMELNPVDWIRNAGPGDTLPNLLSCFTYIRGDPRLSFRISNPASFAANITFFFIPPGGAVPSGAFTNIQLEDNYHVRCSVDPVSEQTVCLSIPYCNPLSAIPTSFMGFADFQGGNDIVNTTFGTVVITVEFQGSVPAASYPTIYAGLAFGNFAAWVPRSPPTTASAPSTASLAFTLHGEEEEAPPRRDPRPTALELFQKHKATHPRLPIALARRQ,,Kobuvirus cattle/Kagoshima-1-22-KoV/2014/JPN,Cattle,0
YP_009164959,NC_027818,VP2,Hepatovirus bephopi,Hepatovirus,Picornaviridae,USA,Phoca vitulina,"National Center for Biotechnology Information, NIH",USA,DIEEEQVMQTPDRVSVAGASYFTSVDQSSVHSSVAGTHQDEKLLTSVDLPGSKKTQGEKFFLIHTAEWTTTDELFHEIAKLDVVKLLYDQQFAVDGLLRYHSYGRFGLEIQVQINPTTFQQGGLICAMVPAEQGYGSLASLTVYPHGLLNCNINNVVRIKVPFVYTRGAYNFRDPLYPVWELTIRVWNKLYIGTGTTPQTSVNVLARMVDLELHGLTPIMTQ,,Phopivirus,Seal,0
YP_009164960,NC_027818,VP3,Hepatovirus bephopi,Hepatovirus,Picornaviridae,USA,Phoca vitulina,"National Center for Biotechnology Information, NIH",USA,MMRNEFRVSTTENVVNLANYEDARAKVSLALDQEHWLSDSSEAGGLSIENFTTWTSIPTLATQFPFNASQTVGTQIKVIPVDPYYYQMVNSSPDQKCCTALASISQMFCFWRGDLVFDFQVFPTKYHSGRLLFCFVPGNENMDVSKVTLKQATTSPCAVMDITGVNSTLRFRVPWISDTPYRVNRYTKSEHQKGEYTAIGKIIVFVYNRLSHPSNVATHVYVNVYMSAVNLELFGPVYNAMPTTGSLSQ,,Phopivirus,Seal,0
YP_009164961,NC_027818,VP1,Hepatovirus bephopi,Hepatovirus,Picornaviridae,USA,Phoca vitulina,"National Center for Biotechnology Information, NIH",USA,AGDDGFNSSAETPQNVPDPVGGITSPKDLKGKANQGKMDLAAGKVPAGVVTVIEDPLLAKKIPETFPEKKPGKSRHTSDHMSLRKYMGRAHYLGTFTFSANNMQYTFPITLSSSSNPPHGMPSVLRWFFSLFHLYRGPLDLTIVVTGATDVDGLLWFTPVGLAADTSWVEGASKLSVDFKTSLGAIRFNTRRTGNIQVRLPWYSYLYAVAASLPGQGDKTDTTFGTVSIQIANYTHFDEYLSFALYISVTEESQFLFPRAPMNNGVMMESVKSLMDR,,Phopivirus,Seal,0
YP_009121756,NC_026470,VP2,Mischivirus cica,Mischivirus,Picornaviridae,Democratic Republic of the Congo,Macronycteris gigas,"National Center for Biotechnology Information, NIH",USA,DQDTEETTNLSDRIQTSKLAMTAVNTQSSVGVLQAYSTPANDSDPSSCSDVSTKSTPATQRFFTFPLASWTSTQTPFQYLTFTPMSQLSEDDNMFAHTSQMHYLHKCGWSAQVQCNASQFHAGSLLVFFAPEFPKGTRVSDEGVNFPAEDQSTWQTPVMESFLQPETQNHYSLGDLACNPQQWSLYPHQILNIRTGTSVSLQVPFVNPAPASVTRIHTTWTLVVAVLTPLSFAAGASPNVDITVSIAPLKPVWNGIHHSPLTRQ,,mischivirus C1,Bat,0
YP_009121757,NC_026470,VP3,Mischivirus cica,Mischivirus,Picornaviridae,Democratic Republic of the Congo,Macronycteris gigas,"National Center for Biotechnology Information, NIH",USA,MPIPVTPRENSNMFLTTRPDRTVCAMSHCINGDKETLVGEVTDFVQIAQMPTFLQIGTTLFKPYFEATNVVDHDYALLKVNVIPTDQQMFNTAFGSTCRLFTQYSGSLIFSLIFTGPAMAKGKFLLAYTPPGAGQPASLSQAKQAITSIWDIGLNSTFRFNLPFISPTTYRWTYSGTGSVLDIDGWFTVWQLTPLTYPAGTPQNSAIVVSVAAGPDFSLRIPLVALPSQ,,mischivirus C1,Bat,0
YP_009121758,NC_026470,VP1,Mischivirus cica,Mischivirus,Picornaviridae,Democratic Republic of the Congo,Macronycteris gigas,"National Center for Biotechnology Information, NIH",USA,TTDNAETGVPNPPGPDEDFVAVPDPVPTVAHSNLAYFFDRSMLFTHTNSGFWNTNSHTLAYPDDIVLLSPIRSRSQRMASNFPSSGYTRFCYSFMAASPFTYFHGDMEVTVMPENFSTTMAWEVFWFPSGAAMPTKKVAVTGVFTPGFNLQAMPVARAPNSANVVSFIVPWTSPLSAAANYFDGFSSYTRSGTSYMQLPGNNWGAIIIKCDDGKKLPFRVYIRFKKFRAWCPRPFRTVTIPSQQRSGRVRIPITDAPPLAQ,,mischivirus C1,Bat,0
YP_009118281,NC_026314,VP2,Kobuvirus ecuni,Kobuvirus,Picornaviridae,Germany,Rattus norvegicus,"Blood Systems Research Institute, Molecular Virology",USA,SPNVEELGYSDRILQLTMGNSSITTQECANAVVAYSHWPSKSKGMGEAIDKSTEPGPAASRFYTLDSHEWTAGGFSGVAFRFPECIQNLGMFGQNIHYHYLYRCGYLVHVQVNASKFHAGALLVVAIPECETTGSMAAVYNINDQWLLDNPISQLTVYPHQIINVRSNNSATLILPYVSPNPMENAAAHNPWTVAVIPIVHLNYATGASPSVPITLTVAPMECQFNGLRSSAVFQ,,rabbit kobuvirus,Rodent,0
YP_009118282,NC_026314,VP3,Kobuvirus ecuni,Kobuvirus,Picornaviridae,Germany,Rattus norvegicus,"Blood Systems Research Institute, Molecular Virology",USA,GFPVTTTIGSGQFITTVRDNGIPIYPEFQADICHDIPGEYKNFLEVARVGTFMKLSQNLLGVSITPSFTAGQKVFGFPIDFDNDAFRPTYVALLSKFYINWRGSLKLTLTFAGAAMCTAKLVVCYTPPGTQEPADREEAMLGTSLIWDVGLQSSCTLVIPWISETQFRLTTGQTRASATGFVTCWMQTRLVNPPSLPGGTSIFATLSAGDDFCFRIPSDSGYFQ,,rabbit kobuvirus,Rodent,0
YP_009118283,NC_026314,VP1,Kobuvirus ecuni,Kobuvirus,Picornaviridae,Germany,Rattus norvegicus,"Blood Systems Research Institute, Molecular Virology",USA,GPNGDTGRDVTGKVSTNKQLPVVDETTTSAPVAQVGTSPALTAVETGETPQVSAASVMEVRQSSVHFSALATSVENMLSRYAMIYEGDSNVYVSSDANTLHGVAFSVPLTFDSIQATAAVRAKFSMSTYLRFDLDVVMMVEIHNFGDSEINRGTYAQDAQPWTFQAIYLPPGMPEPPLQLAQIDRASPQWCYPTTPSIYWKNTDPPATFRVPFVGLGSAYVVAYDGYPNLDGQGTYGEYPGNTLGRICVRPCYKLAIQQSGSYRYNIKIFSRPVNVRSWMPRPIKTYKTQ,,rabbit kobuvirus,Rodent,0
YP_009111397,NC_025890,VP2,Torchivirus atorpi,Torchivirus,Picornaviridae,Germany,Testudo hermanni,"National Center for Biotechnology Information, NIH",USA,DTEETTNLSDRVKTSIHGNTSVGTQSSVGTVIGYKKEKDTNPISSCADAPTVASFAMERAFTQTMGTWSKTNDVYQYIHICLPSGIDDGGVFSGVLNRHYLMKCGYKVQVQMNASQFHSGSLGVFLVPEFTPQNTFEAKSTTFKSLPRDKYIPEQMFVYPHQILNCRTNTSVDIQVPYCNFVPSSFNEIHNTWTLVVMVLTPLDYSTGAATDIAITTSITPLDVLYNGLRHLKEE,,torchivirus A1,Tortoise,0
YP_009111398,NC_025890,VP3,Torchivirus atorpi,Torchivirus,Picornaviridae,Germany,Testudo hermanni,"National Center for Biotechnology Information, NIH",USA,GIPTLPEGSSYTFSTTNIDMAQPVYSKGFNPTQNYIPGKFTNLLQMSVTPTLMANQIGSEGESKQVGYFMCTNQVPTLPLFVSDVTLAAPKMKTTLVSAISQYFTQYRGSIVMDLVFTGTAMCKGKFVICYTPPGAAQPQTREKAMQGTYAVWDLGLNSSFKFTIPFISVSDYRWVDGAPSTSISIDGWFTIWQLTPITYPANNPNISCVLVFASAGTDFSYRNLTDIPMRSQ,,torchivirus A1,Tortoise,0
YP_009111399,NC_025890,VP1,Torchivirus atorpi,Torchivirus,Picornaviridae,Germany,Testudo hermanni,"National Center for Biotechnology Information, NIH",USA,GTEVGESGDTGNSNATENIIGTSISTEVSHSEIDFIFSRYFNVDTTRVTTYTGNDGITSITLSIYDFLQKPTAQALKRFLQIVTYFKSDLEIAITPLNTISTKMFVKWLPSGSVVDLSRETLNGINTPRFIKNTSGAPLQIFNTDITNVCTFRVPYTSVLGAIPITYNGYGDFSQTAYNIAPGADFGTLLFANTGSVGMQIMLSVRFVNMQCWIPRTLAPKISVTNTDSNIVAYRSALTEEIVFQ,,torchivirus A1,Tortoise,0
YP_009104389,NC_025474,VP3 protein,Crohivirus alermus,Crohivirus,Picornaviridae,Zambia,Crocidura hirta,"National Center for Biotechnology Information, NIH",USA,GPPSTKFKFVREKIDIAEGVGMMNLSNVSSTTASQSVALSGERANYDRFVTGTGKRITSFKDILRIDNLLCPNDNLLCPNTFSSSSSMCLFPWPASTGPGSQVFTQVIGLGNFPNIGFLSRSYTFWRGSLVFTLQVVATNMHKGRLLFAINPTGTETFDIEHAQNLCYTVLDLGLNSSVSLTIPFTSDTWMRRTANDWSDLFRMTAFSLNRLVHNGAAANTVDILVYVRAGDDFQFIAPMGDNFTWQ,,Crohivirus A,Shrew,0
YP_009104390,NC_025474,VP1 protein,Crohivirus alermus,Crohivirus,Picornaviridae,Zambia,Crocidura hirta,"National Center for Biotechnology Information, NIH",USA,GPDGVESNSVEYRQSDQLAEKAGLGAVENAGSLDDIKNQEDPIMLNYDIKNVKLFYADHMDLDKFFGRAWNCGNLSLSTDVYSNKTIGVPNNTHAAAMAMFGYWCGEVNVHIANNTEGNLEAIHSQTTTNLSIATGTASSSGAVVIPPKQMATLCAPYYTMTAVKSTVTHRSDLFGVVFCRSFNSSGAPDFWCSLRAPNFTFPIPIPSKGTTRSQIVDAHAIPSMEEAKHIAARFALDPDGDYEREVIDRNPILQ,,Crohivirus A,Shrew,0
YP_009054996,NC_024765,VP3,Chicken picornavirus 1,,Picornaviridae,Hong Kong,Gallus gallus,"National Center for Biotechnology Information, NIH",USA,GVPMAQYLPEHESAEYIPGHFDNFMRYANTPGLLRTLRWSSEMDHGTPLLQLNLNAISLGPDTHTPLSYVLSSFSQQRGSLSFDLVFAGTQMHSGRLLISVTPPSAHPPRDVEDALRGHSLTWDVTVSCNCSFHAPFFSPTAWRSLAMDGTALNTLYNSWGWLSVFVYTPLMTTPFSCDYADFYIFVRAGPEFVTRIPSGLAASIQ,,Chicken picornavirus 1,Birds,0
YP_009055004,NC_024765,VP1,Chicken picornavirus 1,,Picornaviridae,Hong Kong,Gallus gallus,"National Center for Biotechnology Information, NIH",USA,VHGDEVSPASATPDDGINALEQVRGAGPPSMALAPYFNMFTKAWMSPLQVPDVEDARVAPSPPEITAYLTEKLTLPRTVELSPTAWTLSVHSRGTSSLLTQAIASCYYFRADLDVEILLTVPSIAYEATVHYPAICVQYHPPGSTIIQPNEKQSSTAFNAPSAGIYATAFPRLPAPRPSNTSGSAPAVTYHVNLTIPYSAINPMVPTVYSGTTTAAGPPKPTPPTPLQSVLSIPNSLGRLLIFYLRDESTDENGLLGDIRLRLRNFSPAMARLPQLAFAFKE,,Chicken picornavirus 1,Birds,0
YP_009055006,NC_024766,VP3,Avisivirus begallu,Avisivirus,Picornaviridae,Hong Kong,Gallus gallus,"National Center for Biotechnology Information, NIH",USA,GPTRMVVDPAPGAVMAGNSKIMNDCQTVALAGEGTLVDNTTAGAKVAKTSLLSPARHWQIMASFDWTTTGALGAQIFKANFEPFSYGNIGFLFDKFLFWRGSLEIAVLAFGSSLTSGRFQVSWYPDLSARDLTVAQVRNSIFATGDISSVATRLTIPFTNPNWRRRCDSAYGSIYVHSINRQTVNSTANPAIQMIILVRLGPDVDFFCPRYGDYHIQ,,Chicken picornavirus 2,Birds,0
YP_009055007,NC_024766,VP1,Avisivirus begallu,Avisivirus,Picornaviridae,Hong Kong,Gallus gallus,"National Center for Biotechnology Information, NIH",USA,GDDTELIDEVQSFLNFTIKEVPIQTASHTLIPNFFGRAFYYGKYTSPAETSASVIPLKVPQYGHGSLMTMFAYFTGEVVLTVHNRGTGLLVLAHTYIIEEQHNPSDESTIFSLGAVLVPPGEVKTFACPYYAHTPLRPLRLEDTPAFGYLYASGEGAIPFTVYISLRDPKFFLDMPQPAFTSNTRAAGARVGRQ,,Chicken picornavirus 2,Birds,0
YP_009055016,NC_024767,VP3,Avisivirus cechici,Avisivirus,Picornaviridae,Hong Kong,Gallus gallus,"National Center for Biotechnology Information, NIH",USA,GQNRRKIRRRRAPPPPANPPVGRHVNIGPAPGAVIAANSVLNITTADSLAIGNEGTAVDCTTAGAASAIPDVRELASDWQILHQQSMSWAALNAGDRVWSGNFAPYEVGNIGALMDKFMYWRGSFEVQLVVYGSSLTSGRIQLSFYPGMSNNNGRTLQQMRNAFYSTGDISAAPTRLTIPFTNDSWRRRCDQQYGSFYIHIVNRVCVNASASPTMSFVLFVRLGPDFQFFCPRYGDYHIQ,,Chicken picornavirus 3,Birds,0
YP_009055017,NC_024767,VP1,Avisivirus cechici,Avisivirus,Picornaviridae,Hong Kong,Gallus gallus,"National Center for Biotechnology Information, NIH",USA,GPTVEKNPGEPEEGETYSGQPNVFLNFDCVEVPIQGASHTLVRNLFGRLWLQEHTVSPSSGPHVVKLEVPNESHAAILQCFAYFSGEVIISIRNGGDTTVIAAHTYIPEEQHNPVDEFSIMSLGAVIIPPLEIKIIRVPFYSPSPLRMIRRHRDFEPTFGYLYLCSPSTSNVTVYMGLANPNLFFKLPCPQ,,Chicken picornavirus 3,Birds,0
YP_009055026,NC_024768,VP3,Chicken picornavirus 4,,Picornaviridae,Hong Kong,Gallus gallus,"National Center for Biotechnology Information, NIH",USA,GVPYLMQLARYFSQWRGSLTYTFEYTGPQVSSGRLLIAFLPGRIRAAKPGQGADYVETGALLQNFTENLHVIWDLSNSTSVSITCPYAVATPWAPVVINSWQAPPLSGYSSGSLVAVVMSPLVTPTVVAPTSTILVHLSAGPDFEMRFPAPIPVNTVPMYNGVVDQ,,Chicken picornavirus 4,Birds,0
YP_009055027,NC_024768,VP1,Chicken picornavirus 4,,Picornaviridae,Hong Kong,Gallus gallus,"National Center for Biotechnology Information, NIH",USA,GPVVDDLPQGEHYLTTMDSMSFQTFFNQSRFYGNFSAAPTSGTTTASSVTIPLSLISFAPSSGQLKTAEVPVRMFAGLFTFLRADLRITVGIPFQNNLIVSYRPPTATPSTYAASGAGSPDSAASLLNGPSIILSTRASNMGVEFVVPFSAFASVFQTSWSQANRVDTRYNANTNQINPGDMGTIFVASRLSSVNLTNVSVFIAFQNAEFFVPRPFPPLTSTSWDGTAPNNLERDFWEEEDPTPVEFQ,,Chicken picornavirus 4,Birds,0
YP_009055037,NC_024769,VP3,Megrivirus chigalli,Megrivirus,Picornaviridae,Hong Kong,Gallus gallus,"National Center for Biotechnology Information, NIH",USA,GSTFLHSFSRLFLQWTGSIVYTVEWTGPAVSAGRLILGFQPNANRESKLGSYAPALPTGNVLSSLSQGPHMIWDLSNSTSMSFRADFALPSEWAAVNPLVTAGTAGGTNPSQTTQNGGVINFSSSGSCYLALLTPIVTPTVVQSSFKIVLSESAGPDFSLRYFAPRSPNTYPIYNGIIDQ,,megrivirus C2,Birds,0
YP_009055038,NC_024769,VP1,Megrivirus chigalli,Megrivirus,Picornaviridae,Hong Kong,Gallus gallus,"National Center for Biotechnology Information, NIH",USA,GPVNIPEPLGESTTPFQEISVAQVLAHPRLYGNFSFTQNRVLEIPLSLISYSKGPGANTNSAQITPARLFASLFTQIQADLRIIVTTSANTSVFVAYQPPGTTPTVFGQVPLSRAALSMANFTIFSTMADNVGFELVVPYPGNHATFQTSLCTTLRSDNVYQASQDQNDPGNLGTLLVVNKDIAQATVSQISVTVYLGLLNAKCFIPRPFGPLTSQIVQPNSLSVRGAEDEPDFWEDQPEGEESFFQ,,megrivirus C2,Birds,0
YP_009055049,NC_024770,VP3,Gallivirus afowli,Gallivirus,Picornaviridae,Hong Kong,Gallus gallus,"National Center for Biotechnology Information, NIH",USA,GLVTMPAAGSGSDYSYSAQLKDFHPVTITPPPLPYLEHLPGEVKSFDEIARIPSFFQRVDIEDNQVGAKVAVIPISGAEILSHTGPLSTAMRAFSQWRGDLILDLVASVSQNCTGRMMVAYTPPGFEVPSSMASVSPSAKHLWDITSCSSISILIPNCFPGGWCPSLPHQSPQNYIASLLGYVSVWVENPMLDLPQSAEGWSIVAFIRAGESFELRGCSPQLYLSETQAPANETAAAMAAAVSRQ,,gallivirus A1,Birds,0
YP_009055050,NC_024770,VP1,Gallivirus afowli,Gallivirus,Picornaviridae,Hong Kong,Gallus gallus,"National Center for Biotechnology Information, NIH",USA,GDEELKDSNLRTYLAYNILSNTTQTIANTPTSTACFVDLKSNAVNITMLDGETFLYGNRVYSSYTHSMIAQSDRGINQDWSSSSMSWICRNFKAFSCDLAVRISILPQFNGEGNNARPFKLRWSYLPPGASQCWVSAATASPYSGFALSDGQSPIHIPLFIPNMLPRNVFQMWPASYPKYNSSGDADQRAFGVDMDNFGSLQFAIELVNPPANEQTTHVIRAWMDINIGAINFRGFGFIPQYSPAKTTTRFYPVPRLVNESRIPAKRQ,,gallivirus A1,Birds,0
YP_009021769,NC_023861,VP3,Sicinivirus ahiberni,Sicinivirus,Picornaviridae,Ireland,Gallus gallus,"National Center for Biotechnology Information, NIH",USA,GVPMAQYLPEHESADYIPGHFDNFARFANAPGLLRTVRWLSEYTPNTPLLRLNLNSISLGPDTHTPLSYVLSAFAQQRGSLSFDLVFVGAQVQSGRLLISITPPSQAPPASVEEALRGHSLTWDVTVSCCSSFHAPFFSAAAWRSLAIDGSTTKALYNSWGWLSVFVYTPLLSTPFSCDYADVHIFVRAGPEFVVRVPSGLAASIQVQ,,Sicinivirus A,Birds,0
YP_009021770,NC_023861,VP1,Sicinivirus ahiberni,Sicinivirus,Picornaviridae,Ireland,Gallus gallus,"National Center for Biotechnology Information, NIH",USA,GDTVAPADPSPDDGINALEQVRASGPPSMQIAPYFDMFTKAWMKPLAPPESDDASTELAEGDDGCPPIKAYLTEKLSLPHTIELRPSVWSMSVGSRRTSSLATQAIASCYYFRADLDIEIMLTIPAVTFTATTSYPAIGIQYYPPGGTIIQAQECASSIAFNAPTAAVYATAFPRLPAPGSSTASSQAVTYHLNLTVPYTGINPMVPTVYSGTTEAITPEHARSPMSIPDSLGRLYIYYLRDESTNPDFLCGDMRIRLRNFTPAVARLPQLAFAYSVADFSEAQASPLVTVPPVSINAELLPNPLVPSNITPALQ,,Sicinivirus A,Birds,0
YP_009020963,NC_021220,capsid protein VP2,Enterovirus fitauri,Enterovirus,Picornaviridae,,,"National Center for Biotechnology Information, NIH",USA,SPSAEACGYSDRVAQLTLGNSTITTQEAANIVVAYGKWPEKLSDSDATAVDRPTEPGVSAERFYTLPSVQWTTTFKGRFWKLPDALSQLGLFGQNLQFHYLYRGGWAIHVQCNATKFHQGTLLVVAIPEHKIQSQQTPEFAKTNPGEDGYEFQFPFTLEDGSALGNALIYPHQWINLRTNNSATLILPYVNALPMDSGIRHNNWTLAVIPLVDLAYADGSTTFVPITVTIAPMATEFNGLRRAVTQ,,Enterovirus F,unknown host,0
YP_009020964,NC_021220,capsid protein VP3,Enterovirus fitauri,Enterovirus,Picornaviridae,,,"National Center for Biotechnology Information, NIH",USA,GLPTMYTPGSGQFLTTDDFQSPSILPKFKATPEIEIPGRVLNILEIVQVESLVEINNVDQVNGVARYRIPLSVQDDMDQQIMALRVDPGTSGPLQSTLLGVFSRYYTQWSGSIEFTFMFCGTFMSTGKVIIAYTPPGGTAPTSRREAMLGTHIVWDFGLQSSITLVVPWISSGHFRAADINATLFKYKYYEAGFVTMWYQTNLVVPPSFPNQAAILMFVAAQPNFSMRILKDRPEMTQTAALQ,,Enterovirus F,unknown host,0
YP_009020965,NC_021220,capsid protein VP1,Enterovirus fitauri,Enterovirus,Picornaviridae,,,"National Center for Biotechnology Information, NIH",USA,GDVKDSIKGAVATTVKNTTESHHSISTENTPALQAAETGATSNASDEGLIETRNVVNTHGVEETSVEAFFGRSGLVGMTSTVGGIGRWIVNFGEFVQVRAKLELFTYVRFDIELTIVAEVLTQTGNKVAHQHVNYQVMYVPPGASEPENQDSYQWQSSCNPSVISNTAAPPARVSIPFMSTANAYSMSYDGYATFDDTAGSNYGMVPSNYLGTIVFRTMEDLDQKLLKVRFYAKPKHLKCWMPRAPRAVPYKSRYTGVYDTVEKFCDDRRSITTA,,Enterovirus F,unknown host,0
YP_009020975,NC_008714,capsid protein VP2,Enterovirus fitauri,Enterovirus,Picornaviridae,,,"AgResearch Limited, Infectious Diseases Group",New Zealand,SPSAEACGYSDRVAQLTLGNSTITTQEAANIVVAYGRWPSNLRDTDATAVDKPTQPGVSAERFYTLPSVQWTTTFKGHYWKLPDALSELGLFGQNLQFHYLYRGGWAIHVQCNATKFHQGTLLVVAVPEHKIQAQSNPTFDRTNPGENGATCQFPFTFEDGTALGNALIYPHQWINLRTNNSATLILPYVNAIPMDSGIKHNNWTLLVIPLVPLEYAAGATTFVPITVTIAPMCTEYNGLRAAIAQ,,enterovirus F4,unknown host,0
YP_009020976,NC_008714,capsid protein VP3,Enterovirus fitauri,Enterovirus,Picornaviridae,,,"AgResearch Limited, Infectious Diseases Group",New Zealand,GIPTLYTPGSGQFLTTDDFQSPCMLPKFQPTPVIDIPGEVKNFLEVIQVESLVEINNVVNVEGVERYRIPLNVQDAMDGQIMAMRVDPGADGPLQSTLLGVFTRYYTQWSGSLEFTFMFCGTFMTTGKVIIAYTPPGGDQPESRQQAMLGTHVVWDFGLQSSITLVVPWISSGHFRGTSLDNTIYKYRYYEAGYITMWYQTNMVVPPNFPTTASILMFVAAQPNFSLRILKDRPDVSQTAALQ,,enterovirus F4,unknown host,0
YP_009020977,NC_008714,capsid protein VP1,Enterovirus fitauri,Enterovirus,Picornaviridae,,,"AgResearch Limited, Infectious Diseases Group",New Zealand,GETGHMIKDTIKDTVENTVQSTHSISTEATPALQAAETGATSNTSDESMLETRNVINTHGVAETSLEGFYGRAGLVAMFTTDGGIRSWYINFGEYVQLRTKLELLTYARFDIEFTIVAQAVDEQAKVKDFNVDYQVMYVPPGASAPDGQDSFQWQSSCNPSVFSNTGMPPARVSVPFMSSANAYSFSYDGYTEFGDKSGSSYGILPSNYLGQLVVRTCEDLDSAHLRVRIYAKPKHMRGWIPRSPRMRPYVSRFTGVYTDVPRFCVNRDSIKTA,,enterovirus F4,unknown host,0
YP_009001372,NC_023422,VP3,Kobuvirus cebes,Kobuvirus,Picornaviridae,South Korea,Capra hircus,"National Center for Biotechnology Information, NIH",USA,HIKMRSLPGANAFGSVVAGQEIPVYAMETYRPPVDYLPAEVHDWLEFAHRPGLFDTITWTMAEDAGYKLAEVSVDPSVLVNTNTPLSFVVNMYTQWRGEIQLSLLFTGSAQHYGRLAVCFTPPAATSPATLQDALRGTYTVWDVNSSSTLDFTVPFISQTYWKVTNYTLPTSLLAKLGTVSVWVMNPLSGPSAAPPSALVQFFVSAGESFNVRGLQSPICTLQ,,Caprine kobuvirus,Goat,0
YP_009001373,NC_023422,VP1,Kobuvirus cebes,Kobuvirus,Picornaviridae,South Korea,Capra hircus,"National Center for Biotechnology Information, NIH",USA,AADDDSAPHPISNLESGEVVSVPEPRTTFAYSDNPTPPDTNLANFFSIYRRAPMDSSGDWEKSFNQGFETITYDLAAWIQNANAGDDLPLYLSCFTYMAADVRVAFSISNPAAYSAHVSFYYLPPGATPLWELSDNNVVALSNYYHVDAVVPPTSTQVVPLSFPYASPLCALPLSYWGFSSYDGETDVANRNLGSVVVYVSFQSDAVPTTQNVTISQKVAFGNFRAWVPRPPPPLGAPPSASGVSAVALPLRRPMSSKSKIVRQCAAPDGCTLPLTCEDVRVFIVKVQ,,Caprine kobuvirus,Goat,0
YP_008802664,NC_022802,VP3,Sakobuvirus aportufeli,Sakobuvirus,Picornaviridae,Portugal,Felis catus,"National Center for Biotechnology Information, NIH",USA,QHWKIRSVPGATTFGSMVAGQEVPLCGVVPTRPPVDYLPGEVKDLMEFAARPSPYSALPWTMADEPGTLIHSFPVGPLALAGTQTPLSFVVSLFSQWRGSVDINFMFIGCAQHYGRVLISFTPYCQNPPTTIQEAQRGTYTVWDVNGNPELSFNVPYISTSYWRSTDLLSADKLSATLGYVSVFVCNSLSGPGAAPISASLLSFICAGPDFEVRGQQNPALQLQ,,Feline sakobuvirus A,Cat ,0
YP_008802665,NC_022802,VP1,Sakobuvirus aportufeli,Sakobuvirus,Picornaviridae,Portugal,Felis catus,"National Center for Biotechnology Information, NIH",USA,AGDDPPVGGVTTGDPVPAPVRDTFSSPTTGMSPDTSLVNYFSFYRNFMDVGVIKPQLYYQVSLDPIGFAPNFLSTLLHVFTYFVADLRVNLEVEATQPTSLAVAFAPPGATLPVNWTSDSFRAFFHTSQPLEAGSNQVCYSIPFFAPYSVLSTSFYGFGGFQGSEFGQLNANTFGTLILNPGAQVNVSVRLAFGDFRGFIPGPVPATVPPSGSSTAVMVSSYRHTGVPQGIAVPRLPSVRPNALETKHRLAPLTPLRQSGDPLPICPYTFPEDSVYIIKQRRIGY,,Feline sakobuvirus A,Cat ,0
YP_008119836,NC_021482,VP3 protein,Parechovirus cebokele,Parechovirus,Picornaviridae,Central African Republic,Hylomyscus,"National Center for Biotechnology Information, NIH",USA,APRKRATKATRFKWTRNNIDIAEGPGSMNMANVLHTTGSQTIALVGERAYYDPRTAGTTTRVKDLKMISQLYSVFIGNQAVPNNQYGYFTWNSNVTSENFIFDNDIVPENLSNLGMMASCYAFWRGSIVCKLTVYASTFNKGRLRMAAFPNLGARPSATACKNAVYMVCDLGLNNTFELTVPYTWANWMRPTIGQPICRLRIDVMNALTYNSSSPTAVNCILQVRAGDDAEFFIPTGSNFTWQ,,Sebokele virus 1,Mouse,0
YP_008119837,NC_021482,VP1 protein,Parechovirus cebokele,Parechovirus,Picornaviridae,Central African Republic,Hylomyscus,"National Center for Biotechnology Information, NIH",USA,GLTSWGSEMDLVDSLDNPTEIVNNVESNIESAHGQAPAVAAGLRSTENDGTLSEQLAVAQPRFLNFQIQDISMFAVSHTLVDHFFGRSWLAGQFNYTSQNTTTLQIPFPTTQHGAMARMFAYFSGEVTFHITHIGNCYILVTHTYYGNEEGRHRIYDLASNGAISIPPDTQMSLTVPFYSETPLRTVKGSNSKTSGLGTLFLRPVGQSGAAAGRITIYASIRCPNFFFPVPAPKRGTARAVLNSRPGHFDQSTVEALGMAEDLDSDLLLEQRVDDNLAMALMRAKAFFNRRQGCRSETLLQCGDVESNPG,,Sebokele virus 1,Mouse,0
YP_007969874,NC_008250,capsid protein VP3,Avihepatovirus ahepati,Avihepatovirus,Picornaviridae,,,"National Center for Biotechnology Information, NIH",USA,GKRKPRRRPIHKPKNPPQEPRVIIQPGPGAANLSNSSVIAMAESTALANEGTAVDYSTAGCASSVDDVIMVLRRWQILASFQWQSTLTPSARINRYQLIFRNIPTFSLFFDKFQYWRGSLEVKFMTFGSQFNTGRYQMSWYPIADGEQSLAQCQNSVFVTGDVCATPVTLTLPFTSTTWRKSTRDPYGYLMWHVVNRLTVNSSAPSNIDCTVLLRVGKDFQFTAPLYGNLQMATNNQ,,Duck hepatitis A virus 1,unknown host,0
YP_007969875,NC_008250,capsid protein VP1,Avihepatovirus ahepati,Avihepatovirus,Picornaviridae,,,"National Center for Biotechnology Information, NIH",USA,GDSNQLGDDEPVCFLNFETANVPIQGESHTLVKHLFGRQWLVRTVQHAPTVQELDLQVPDRGHASLIRFFAYFSGEIILTIVNNGTTPAMVAHSYSMDDLSSEYAVTAMGGMMIPANSAKNISVPFYSVTPLRPTRPIPGTSEATFGRLFMWTQSGSLSVFMGLKKPALFFPLPAPTSTTPSGRSNDVIPTLDQSGDEVDCHFCEICSKMKKRWKPRGYFRFCLRLKTLAFELNLEIE,,Duck hepatitis A virus 1,unknown host,0
YP_007947659,NC_021178,VP2,Dicipivirus acadici,Dicipivirus,Picornaviridae,Hong Kong,Canis lupus familiaris,"National Center for Biotechnology Information, NIH",USA,SGFEIGHGTSDRLLALTAGTGCISSQEAVTVRSGWAGVEPTTVPNPSTDTPTDPGPAGNRFTYTRSGEWSTDTAVDSMIFELDLPGEVMTSTLSAPGTTFGPTADRHALGRFDFVVTVTVNANPFTSGCMLLVALPMYPSVSYTTNSLYSPSQLPIFPHQFINLRTTNQATLYLPFVSPSPLMDPSIGNIYKVVALVYAKLRKTTELSGGPVTYTISVAPIESKFHGVHYPINKASLQ,,Canine picodicistrovirus,Dog,0
YP_007947660,NC_021178,VP3,Dicipivirus acadici,Dicipivirus,Picornaviridae,Hong Kong,Canis lupus familiaris,"National Center for Biotechnology Information, NIH",USA,APTRILPSIGAFSTTSDPTNAIPLAFDSQVAIPSDYLPGLTTSLSQPLAIPTRMAVISNTAGFEINASTAEVGTCLYAFPVRLGNSALRTTYLGNMARFFSQYTGELKFSLMCCANSMTKGRLLISFLPGVVTRPNNINQAMLGSYVVYDVGLNSTFEFPIPYISPTYWRPTLGFGNHNVRDNTNQPKPAQTTLDSLGVVSVWVYTRFQTPSANNTVPIDFIPFLSAGKGFSFRLPTAPTTYVPTLVTLQ,,Canine picodicistrovirus,Dog,0
YP_007947661,NC_021178,VP1,Dicipivirus acadici,Dicipivirus,Picornaviridae,Hong Kong,Canis lupus familiaris,"National Center for Biotechnology Information, NIH",USA,SDVKVSMGXADAARATSAPTQSSVDAEPVLYTSNEDGQPHDVAADDVWAGVSSISQFTSPDMLLSNFFGRSRLYKTLDMPKCETSGLNYTKVPIQWGSRSATLSEYEVIDTIMNWFQFCQADLRVEFVIYPATGSFNPPTGLVSDHPFDASAHGSGFVAVSNIPPGALIGPFDMNQMSAFPTVVQPVSGPITTFSVYIPFQSVWSALSCSYSSAKDYINTNWISSVAPAYYAKNFGLLPTPEFCTLYFATGLPFDSRTEIYVSFHNIKMYIPRPIVTGTTEVTLSSIDAAFANNNGFTAHTVARVGEFINTE,,Canine picodicistrovirus,Dog,0
YP_006846318,NC_018668,VP2,Hunnivirus amagyari,Hunnivirus,Picornaviridae,Hungary,Bos taurus,"National Center for Biotechnology Information, NIH",USA,DGLTEDFENSDRVGKTQAGATTLVTQHQVGCMTYPGRKSGPSPSSAADEPTTAGPSVDRFITLPVGNWTQTQAVYSGWALPLPWVPLTRNTPFGALGRRHFLLNCGWHIQVQVNSTRFHGGALGVFMVPQFVYTSQTDLTGPKPLMATDYPLFNQQQLFLFPHQILNPRTNSSVDIQVPYANCTPGCDPTQQAPWTLLIVVLSPLSYASGATTSLEVVASIRPLQAQFHGIRQTNSEFE,,hunnivirus A1,Cattle,0
YP_006846319,NC_018668,VP3,Hunnivirus amagyari,Hunnivirus,Picornaviridae,Hungary,Bos taurus,"National Center for Biotechnology Information, NIH",USA,GLPKNRNESSAFAFCSTQPHSAEPDYGAMHRSSPSFLPAEITDFLQISQIPTLTSIRAVSFQQAVPKQALLTMNVSLTANDLLNTSLETVSRGFAQYRGSILIRMLYTGNQMQNVRYVAAYTPPGALPPADRRQTMVGIYTIYDTGLNSGSDFVIPFISTTDYRYCNAVDGLEVGSGGYFTIWQLTTLAVPPGSPTTAELLIFAASGKDFEWRCVASPYLALQ,,hunnivirus A1,Cattle,0
YP_006846320,NC_018668,VP1,Hunnivirus amagyari,Hunnivirus,Picornaviridae,Hungary,Bos taurus,"National Center for Biotechnology Information, NIH",USA,GEDTQITPAETGQTPEVTAENSNQNVVPIPYAPQRISHSAVRFWYDRFFLADSLQVNYKSSGSYLHVLRWPDIFEKIPEVRWFMHATYCRFELEIAIRPWNQDVVDYEMVYWPPGSLLPTDTVTWVSTADRRMRQSGPQPRWTWNTGTTPCFTARIPFTAPSSVLTQTYTGWSNTSHAEGTFGNTPGLNVLGALTLTQGSKNGSGTVITYISYRLVDIQMWCPRPGLYVAPPIQQ,,hunnivirus A1,Cattle,0
YP_006628178,NC_018506,VP3 capsid protein,Limnipivirus ablugi,Limnipivirus,Picornaviridae,USA,Lepomis macrochirus,"National Center for Biotechnology Information, NIH",USA,GKDSCVRVEEAMGSMYLASRHHTALRPRMGLTSEHADPDQRVAGDSAYTSLKEVVAIESFWQALDWTYIDEVGKRLTISNVVVDSSELTGGISRKTNLGFLSNFYLAYQGDLVVTIQAVASRLNQGKLLVVFYPGEDNKDKDVTMDKVNNAFTQILDLGSKTTVRFTLPFVNQQPYRPMSNVHGRFAVFVLNPLTYTPACPSAVRILFYIGAGSSFNFVYPKQSAVKFQ,,limnipivirus A1,Fish,0
YP_006628179,NC_018506,VP1 capsid protein,Limnipivirus ablugi,Limnipivirus,Picornaviridae,USA,Lepomis macrochirus,"National Center for Biotechnology Information, NIH",USA,APERNQVGDATSADGAPITNIEDETSNTRVQKRPVFRNVKATLPRQIKSNHMLLSNLVGRAFALEPYTSTSTGGQNILLKENNLSFLKVFKLLLYRSGDMTLHVSHTAVSPLYMAHSYIQTAIAGTTSADRLSQIMSQGSVCVMSNSAASLCVPFYVMTPFVKTADFGRLFVEGQNDSTWIMWIGATFDTDTRFYFLQSPPDIALGENEKEEPEDLEWVEEEGHRQTEVETIQRFLEGRGLFPVHKTCDINDRDGMYMTCYSEVTIGDKTFRANSFWRTKSLLKAYRMCKEFVRE,,limnipivirus A1,Fish,0
YP_006546260,NC_018226,VP3,Pasivirus agallia,Pasivirus,Picornaviridae,France,Sus scrofa,"National Center for Biotechnology Information, NIH",USA,GPKRVARNKKYKYTRNKIDIAEGPGSMNIANVLSTTAAQSIALVGERAFIDPSVAGTRVRVRTFRDVTKIKALPLLPFTASHSEYCIFDWQASHAPTTKSPIFGRGYKIRELGNLGPLSTAYQFWRGSIIFTLTIFASSFHRGRLRIVLFPNGTHSFSQDDANALIFTVCDIGEQSSFDITLPFTHYNWIRECDNSVVVLVNVYVETRLAHNNASSNVIKCALFVRGGEDFEFLAPCGDTVKFH,,Pasivirus A1,Wild Boar,0
YP_006546261,NC_018226,VP1,Pasivirus agallia,Pasivirus,Picornaviridae,France,Sus scrofa,"National Center for Biotechnology Information, NIH",USA,GWGSDMDEADPLDDMEPGHPDCLTLESKDGSSGKGPQCAQMAGLTSVENDGTTDNQLNCAAPKFINIHKLTTSIFAKDHMHLDYFFGRGWYVMKHNYEGESRAPFYIDVDAPSSMPGAAMNFFSFWAGEVNFHVVNNSDDPMAVTHSYSHEASTVGPAEGLGLIIVPPREMISFAAPFYSWSPLRTVLAHQNSAVKRTFGILKLVPEAPKGQVIVYASLRTPCFFLVKPFPIQTTAAKMAVYPSKLTSAEEAEELKFKLVHEPYEQFFIPHYGDIPSFQRDFINWLGSKE,,Pasivirus A1,Wild Boar,0
YP_005352646,NC_016964,VP2,Mischivirus defoxi,Mischivirus,Picornaviridae,Hong Kong,Canis lupus familiaris,"National Center for Biotechnology Information, NIH",USA,SPNVEECGYSDRIMQITSGNSTITTQEAVQAIVAYGEWPEYEVGIGEALDKQSEPGPACDRFYTLDSWQWTNSSRGYGYDLPGCLTDIGIFGQNCTYHFLMRSGFCIHVQLNASKFHQGMMLVCAIPECQSSSGERSNSIFQLQERDFADYPLAQLTLFPHQLINLRTNNSATLILPYVNASPSENPLSHNFWTVFITPVVPLSYNTGATTSIPVTVSIAPMYTSFSGLRNSVPVVNREATSQ,,Canine picornavirus,Dog,0
YP_005352647,NC_016964,VP3,Mischivirus defoxi,Mischivirus,Picornaviridae,Hong Kong,Canis lupus familiaris,"National Center for Biotechnology Information, NIH",USA,GVPVFGVPGSNQFVTTIRNAGFPLLPDFEETPMHKIPGEVNNLLEVLQVDTFCTVSENANTFLNLDVTQQSDFGGRIAVWDMSLNSNFFASTYLARCTRFFSNYRGSVKLTLTFCGSAMATGKFLLAYTPPGGNAPTTRKEAMLATHIIWDVGLQSSVDFVVPWISQTAYRFAHTPGNVLSYRGYITMFYQTQVVVPPGAPSTCQITCMAAAAKDFVLRCPTDSAYFQ,,Canine picornavirus,Dog,0
YP_005352648,NC_016964,VP1,Mischivirus defoxi,Mischivirus,Picornaviridae,Hong Kong,Canis lupus familiaris,"National Center for Biotechnology Information, NIH",USA,GLGDDIGKIVNDTLSNAIQTLDIKPVQGKPMPDQLTVTSGDAAALTAPETGVTSETEPANVMETRGLATTFSGRETDISNFMSKYALFHKTALATKASGTATFVNIPLYFSDAANTQLAVRAKYRMFTYLRMGFDINMVLSIDPASRSRNNVPNLTDKVTVQILYSPPGCPKPNAYDSQEWYLPTTPSVFQEANTTPASVRLPFMGPASVYASFYNGYRNFNPETAGYGQFPGNYIGDISLRIVENFRSSDNTSDVIVNVLCYARPTNIRAFCPRPIVTQKSVSMLSKSKGRVEFVETDEEECFQLVQEAD,,Canine picornavirus,Dog,0
YP_004934021,NC_016156,VP2,Feline picornavirus,,Picornaviridae,Hong Kong,Felis catus,"National Center for Biotechnology Information, NIH",USA,SPTVEECGFSDRIMQITSGNSTITTQEAVNAVVAYGCWPSFDSGAGEAIDKLTDPGPSVDRFYTLDSIEWSTTTQGYYYNLPGCLTNLGMFGQNCAYHYLMRSGFCVHIQVNASKFHQGTLMIVAVPECQFPGEPTAEFGTIPDTLRTEFWKQYPRSQLTIFPHQFINLRTNNSSTLILPYVNATPAENALTHSYWTLLLVPLVPLEYSSGATTRIPVTISIAPMCSSFSGLRNRIPLAQ,,Feline picornavirus,Cat ,0
YP_004934022,NC_016156,VP3,Feline picornavirus,,Picornaviridae,Hong Kong,Felis catus,"National Center for Biotechnology Information, NIH",USA,GIPTFQVPGSEQFVTTLRNPGYPLYPEYQKTPPHHIPGRVTNLMEVAEVDTLCNLSDTEVLYINATGSAPLGENLGTWDLSLQGNLLSPTYLGRLSRFYTHYRGSINLTFMFCGSAMATGKFLISYTPPGGDAPRTRQDAMLATHVVWDVGLQSSCSLVIPYISQSQYRFSNISGNKLSYDGYITLWYQTAVVTPPNCPNQCALVCFASACKDFEMRLPVDSAYFQ,,Feline picornavirus,Cat ,0
YP_004934023,NC_016156,VP1,Feline picornavirus,,Picornaviridae,Hong Kong,Felis catus,"National Center for Biotechnology Information, NIH",USA,GLGDDLSKVITSVTKDITQPLMEPVTGTVASLPQQLSLQVGDGSALAAPETGVSATTEPEQMMETRVSTVLYSKYETGVEYFMSRYAKFSQIELKRASVYHDKIPLYFNDTRATQRAIRTKYRMFTYVRCDYDVVLLASTNRVDGSGTENQVNTDHEFKLQAMFCPPGSPQPTNFDSPEWACPTNPSIYFRLKAAPASFRIPFMGISSAYASFYNGYSTFTPQAAKYGEFPGNYLGDLWVRLVADNSRPGSASTVVVNVQAFCRPVNFEGYLPRPIVSLKPNVRVGPSRGRVEFVETGVSMEIGV,,Feline picornavirus,Cat ,0
YP_004782532,NC_015934,VP2,Bat picornavirus 3,,Picornaviridae,Hong Kong,Rhinolophus sinicus,"National Center for Biotechnology Information, NIH",USA,SPNVEEAGYSDRIMQITAGNSTLTTQEAAQAIVGYGVWPDYDVGVGHAIDKETKPGPAVERFYTLDSIYWNQDWKGRVIRLPGALTDLGMFGQNCQFHFLMRSGFCVHVQVNASKFHQGMLLVAMVPEAQHPTIGTNDNAALSDETLAEIPVPQLTLFPHQLINLRTNNSATIIYPYTNCTPAENALTHNFVSLYIVPIVPLKFEKGASTTIPVTVSISPMFAEFSGLRNRVVAQ,,Bat picornavirus 3,Bat,0
YP_004782533,NC_015934,VP3,Bat picornavirus 3,,Picornaviridae,Hong Kong,Rhinolophus sinicus,"National Center for Biotechnology Information, NIH",USA,GVPTFQIPGSGQFVTTIKNDGFPALPHYQETPLHFIPGEVTNLLEVCQIDTFANLGTSELSFTIDVSNQTSVGGKIKDFDMSLNSTVLSTTYLSKCARWYTHYRGSVNLTFMFCGSAMATGKILIAYTPPGGDAPATRKDAMLATHVVWDLGLQSSVTFTVPYISQSQYRYNNIDGNIFSYDGFISMFYQTNIVVPPGAPSTCQIVLLVSAAKDFTLRLATDSAYFQ,,Bat picornavirus 3,Bat,0
YP_004782534,NC_015934,VP1,Bat picornavirus 3,,Picornaviridae,Hong Kong,Rhinolophus sinicus,"National Center for Biotechnology Information, NIH",USA,GLGEDLGNLVNGSVQTTAQQVLRPATGLASEVPNTLSIHTGESGILTAPETGASSTTEAGAMIETRSVSTMYSAAETSIEAFMSRYAMFSAFDLRTGSTAANGEYRILDLRFSEESSTHKALVAKYRMFTYLRMGYDVVAIVSPKANIRDRVHMSSPPKFQMMFIPPGCPAPRLVDGPEWYLPTTPSVYFSVDQPPASLRLPYMGVMSTFASRYDGFYSFQTTNPHSYGYFPGNDIGKLAIRAVTDGVTANSDLVDYRVVIFARPTMIRAWLPRPIKSLKTQVSVSRSKGRVIFTDDDDADQLLIGQ,,Bat picornavirus 3,Bat,0
YP_004782544,NC_015940,VP2,Bat picornavirus 1,,Picornaviridae,Hong Kong,Miniopterus pusillus,"National Center for Biotechnology Information, NIH",USA,SPNVEELGYSDRIMQLTAGNSTITTQEAASAVVAYGVWPTHDVGVGEAVDMQTTPGPAVERFYTLDSWYWTKGSAQEGRAYKLPAALTDLGVFGQNCQFHFLCRSGFCVHVQVNATKFHQGMLLVAAIPDCQVTEHGMNSAYPLSAVDFVNYPKHQLTLYPHQLINLRTNNSATLILPYVSASPAESPLTHNNWTIYITPVVPLDYVTGSSTNVPVTISIAPMAASFSGLRNAVQPSFSVHTQ,,Bat picornavirus 1,Bat,0
YP_004782545,NC_015940,VP3,Bat picornavirus 1,,Picornaviridae,Hong Kong,Miniopterus pusillus,"National Center for Biotechnology Information, NIH",USA,GVPVFEVPGSSQFVTTLRNSGYPMLPDYEETPSHHIPGRVTNLLEVMQVDTFCNPVNSTNAAVSFTLDVSNNSVSNAAIAHWDMDMGSVLFSTTYMARCAKWYSQHRGGIRVTFMFCGSAMATGKLLLAFTPPGGSAPATRRDAMLGTHEIWDLGLQSSITLVVPWISQTAYRFNQPSTSADGNVLTYRGYISVFYQTAVVVPVGAPSTCQIAVLASVTKDFVMRCPTDSAYFQ,,Bat picornavirus 1,Bat,0
YP_004782546,NC_015940,VP1,Bat picornavirus 1,,Picornaviridae,Hong Kong,Miniopterus pusillus,"National Center for Biotechnology Information, NIH",USA,GIGDELGKVITEAAQHALQPLDVKPVNGPSVPAGLSIQVGDASALTAPETGATAATEAPSTLETRNVPVTYSARETEIENFFSKYALFYDGMIDYNEAKILKVPLRFSEEATTQLAVISKYRMFTYLRCGFDIVINVCEIGSAGPKSAHATAQVLYCPPGCPVPADHTSAEWFIPTTPCVYQKSSADAPISLRLPFMGPASAYCVTYDGYPNYRIGQKYGEFPGNDFGTICFRFINLTGGNQVQDIKHRILMLARPTQVSAFCPRPIVSLAQHRPAAVTNGRIAYVRDGPDDVVPE,,Bat picornavirus 1,Bat,0
YP_004782558,NC_015941,VP2,Bat picornavirus 2,,Picornaviridae,Hong Kong,Miniopterus magnater,"National Center for Biotechnology Information, NIH",USA,SPTVEEAGFSDRIMQITSGNSTITTQEAANAIVGYGVWPEIDQGVGQAIDMQTIPGPSCERFYTLDSLKWTRTGLGYGIKLPAALTDLGVFGQNCQFHFLCHTGYCVHVQVNASKFHQGMLLVCAIPDCKVDGRDNATVYNLEAKDLEDYPRFQLTLYPHQFINLRTNNSATLILPYVAASPAESPLTHNNWTVYVTYIVELSYMNGSSTEVPITVSVAPMSCSFSGLRSKVTRPEHQ,,Bat picornavirus 2,Bat,0
YP_004782559,NC_015941,VP3,Bat picornavirus 2,,Picornaviridae,Hong Kong,Miniopterus magnater,"National Center for Biotechnology Information, NIH",USA,GVPVFEVPGSGQFVTTIRNSGFPILPDYEETPNHGIPGRVRNLMEVCGVDTFCNCATSTTTDEQLSFSVSINDSGDGPIMEWDMDLSAVLFNTTYLGRCSRWFSQHRGSIRLTFMFCGSAMTTGKLLLAYTPPGGAAPATRKEAMLGTHVVWDIGLQSSITMVVPWVSQTVYRYNHPKEENVLTYRGFLSVFHQTALVIPASVPHSAEICVLCSATSDFVMRCPTDSAYYQ,,Bat picornavirus 2,Bat,0
YP_004782560,NC_015941,VP1,Bat picornavirus 2,,Picornaviridae,Hong Kong,Miniopterus magnater,"National Center for Biotechnology Information, NIH",USA,GLGDDLGRVIQDQVVASATTAFAPAITGTSVPPTLSIQVGEAAALTAPETGATAATEAPAVLETRNLALSFSMLETDIENFYSKYAFFFKMDFSPDKGAAKWFKINMEFDDKETTQKAAISKYNMFTYIRCAFDLVIVTSVNGSSGAKNGLPMVQALYCPPGCPTPTNQDTMEWYLPTTPSVYQHVGDKPISLRIPYMGPASAYATSYDGHSDFNANNAKYGLFPGNEIGVLAVRLVAAGTSAGQLDSWVRVSCFARPVFVEAYCPRPIVTKKTSSKANVTRGRIVYVSDGPAEVHHIPE,,Bat picornavirus 2,Bat,0
YP_004564610,NC_015626,VP2,Pigeon picornavirus B,,Picornaviridae,Norway,Columbidae,"National Center for Biotechnology Information, NIH",USA,GNTVDLMTRPGPSCDRIYTLDSFDLDNSTPAIVVPLPGVLADKGVFGQNLQFHYLYRCGWMAHVQINATQFHAGAWLCALVPECVVKGTDYDSTHFFESHEQAAFLETQYHQLTLYPHQIINLRTTNAATIVVPYTNIAPASFYTCHNTWRLIIIPLVKLMSPPSYSGTVSCTISVQPICSQFNGLREAVVAQ,,Pigeon picornavirus B,Birds,0
YP_004564611,NC_015626,VP3,Pigeon picornavirus B,,Picornaviridae,Norway,Columbidae,"National Center for Biotechnology Information, NIH",USA,GVPTFDIPGSGQFCTTLANTGYPAFPIWTPSEGFPLPGRMTNLISVARIPTFLQGTGGNTYGFSVQNAIPADNTTLYSLDVSLLATEMEKTYIGRLARMFAFYKGSIVLRFTYTGPKQSSGKLLIAYTPPGGARPTSREEAMLGTNIIWDFGLQSTCTFVIPYISISSRRFANTTGTIFSYDGYVTVWYQTAVVFAPNCPSSAVVLVTAAAGEDLEYTGFMDTAYYQ,,Pigeon picornavirus B,Birds,0
YP_004564612,NC_015626,VP1,Pigeon picornavirus B,,Picornaviridae,Norway,Columbidae,"National Center for Biotechnology Information, NIH",USA,GLGDDLSSVIQSTITNAVSQSVGQLTSVPNQHHEAGTANPVNVGAVPALEAAETGVASVVGADVSSTIEPGASKLTNSSETSVVNMLSRYWYLNQLTLNHGANASSADSGVIQLDLSPGGPNANVMSKLLRVLLSSATYWRFDLDLVVVPVHLEGTQAVQYMVEFCPVGSFASSTSHGYDAKNKGANPKIFTTTDKPPASMRIPFMCPASYFCSSYDGFKTYDGQHYGACPSNTFGNLIIALPNGYSTQPRIKFYLYVRPVNIEAYMPRPLDQGDTRPATLSRGRLEVGDIENFTNAKPLITVEEQ,,Pigeon picornavirus B,Birds,0
YP_003853290,NC_014411,VP3,Passerivirus ahokothi,Passerivirus,Picornaviridae,Hong Kong,Turdus pallidus,"National Center for Biotechnology Information, NIH",USA,GVKVRETSATGNAYVTSCSAGTSIPALPYIPSNPPTTYVPGRTTNYMGLANQPGLMALVDIGMDSPVGTKLLCQKIDPISLTTPISGTLTPLGQTLTHFSQWRGTLDIDLVFSGSQQNTGRILVSTTPPVAGCPATMEAAMRNTCYIWDLTTSASISITIPYFSSTPWKTLSRSTSLSLSVNQLAGWLGLYVYSPLSCPAFNPDQATIAVFIRGGADFEARIPSGLATATIQ,,Passerivirus A1,Birds,0
YP_003853291,NC_014411,VP1,Passerivirus ahokothi,Passerivirus,Picornaviridae,Hong Kong,Turdus pallidus,"National Center for Biotechnology Information, NIH",USA,GDEEVPASSNDGLNTLELRPSSDGPESMSVAAYYSSFSPISLYSTPSSQRNPSIPITSYPYALPLDPTHLIAGGTSNYVCPSLSTLLFREFTYLSADLEIDIVFTPGGDSDLPRDVDVYVIPPGCTIPANPNPVTLSGFPSAGWREMTEDRAHVTLSVPFSAENPVIASRYLGFPSYESSQSLATSLYSFGTLLITSPYFQNPLGTAYAEISLRFVNLQAFLPRPLSFNTLPDTQTYTAPAYVAARRQ,,Passerivirus A1,Birds,0
YP_003853301,NC_014412,VP3,Oscivirus ahokorobi,Oscivirus,Picornaviridae,Hong Kong,Copsychus saularis,"National Center for Biotechnology Information, NIH",USA,PFMVRNLVAPEGLATAQPGQEFNAVNWSPIVPEPKWLAGEYTHMSQIAQVPSCIGILRWSGGSAAGTGTIIYRAPITTSNLVEMDTWLSFAMQFYTHWRGSILLNLTFCGSRQQSGKLLVSFLPLSTAGNLSLEELMSGTYTVWDVGLNSTLSFVVPFCSQTAWKAIGSASGLEFSQALGVLYIAVYNPLVTPYGATTAPILVSWSAGSDFQLRQPAVPRLLAQ,,Oscivirus A1,Birds,0
YP_003853302,NC_014412,VP1,Oscivirus ahokorobi,Oscivirus,Picornaviridae,Hong Kong,Copsychus saularis,"National Center for Biotechnology Information, NIH",USA,SDDQITNLETGIATEFLPAQIPMGNLDQSELSDLFAIYRPFWTGEDFSQSVITANTDEGDTYWMVSLDPTDWATSSLFSQLVKSFTYVNGNLHIKITVQSKSEVANFTLAVAYIPPGGPMGPDLKQALNFPLVQIDISSYTIKEIPINIPQSCVTEAIPTSYSGFADLTRGTWGRLSGSGWGTLVVAALPRGGKSLRMAWWMDARITQARVYMPRVIGRVGGLQSEKKSPFSLTTRSAGPLWKANQ,,Oscivirus A1,Birds,0
YP_003853312,NC_014413,VP3,Oscivirus ahokorobi,Oscivirus,Picornaviridae,Hong Kong,Turdus hortulorum,"National Center for Biotechnology Information, NIH",USA,PFVVREVVGSSGFANTQPMQEFNAINWSPVIPEPDWLAGEYRQMSQVAQIPTIDRLIRWYGGSSNPAGTILYQVPITTATLVENDSWLSFAMQFYTQWRGTVMAHLTFCGSRQQTGKLLVAFLPLGTESKLTLEELMSGTYTIWDIGLNSTLSFVIPFCSSTSWKSIGASSGLEFSQALGMLYIAVYNPLVTPYGAPNAPVILSWSGGVDFQLRQPTAPRLFGQ,,Oscivirus A2,Birds,0
YP_003853313,NC_014413,VP1,Oscivirus ahokorobi,Oscivirus,Picornaviridae,Hong Kong,Turdus hortulorum,"National Center for Biotechnology Information, NIH",USA,GDDQITNIETAVPTEPLPAQMLLGNLDQSDLETLFAIYRPFWTGENFSQSRIVIDDDNPSNLVWYISLDPTDWAETSLFSQLVKSFTYIAGNLHIKLTVYNMSLYNPFTFSATYIPPGGNIMSSLPMSQNMPLVQIDMDGNYMREIPINIPQSCATEVIPTAYAGYSDLSRKTWGRLSGSGWGTLMVSIQQRVIGSNKIRASWWMDARITNARAYMPRIVKAVSKASDEKRPFSLTTRSAGPLWTPSQ,,Oscivirus A2,Birds,0
YP_003359167,NC_013695,1B (VP2),Enterovirus jesimi,Enterovirus,Picornaviridae,,,"National Center for Biotechnology Information, NIH",USA,SPSAEACGYSDRVLQLTLGNSTITTQEAANIVVGYGKWPEHLKPIDANSIDAPTKPDVAVNRFYTLKAKKWEKASKGWMWKLPDCLNDTGIFGQNCWYHFLYRGGWAIHVQCNASKFHQGTLLVFLAPDFTRGAPVTGSGTTPNVSYSHAMPGEDGSEFIDPLFLDNGTMLQQATVFPHQWINLRTNNSATIIVPYINNIPADSPVRHNNWTLCVIPVVPLDYSEGATTVVPITVTLAPMCCEFDGLRNAVPQ,,Enterovirus J,unknown host,0
YP_003359168,NC_013695,1C (VP3),Enterovirus jesimi,Enterovirus,Picornaviridae,,,"National Center for Biotechnology Information, NIH",USA,GLPVKATPGSYQFLTTSDDCSEGLLPNFHSTPEIFIPGQVNNLLELVQIETMMTVNNTATQASGVGRITIPVSVQSDVDTQIAGFTINPGSDGVFQSTYLGQICRYFNNWSGSIEITFMFCGSFMATGKILIAYTPPGGSAPTDRKSAMLGTHVIWDFGLQSSATLLIPWISNTCMRNVASLAYQDTYFAGGYVTLWYQTNFVVPSGAPTSARIIALCAAKGDFCLRLLKDSTDISQSAVLQ,,Enterovirus J,unknown host,0
YP_003359169,NC_013695,1D (VP1),Enterovirus jesimi,Enterovirus,Picornaviridae,,,"National Center for Biotechnology Information, NIH",USA,NSPEQAIEGVISTTIQNLTPQNISASEGSIGAAAPALQAAETGATSTATPEGMIETRSVINRQHIAESSVESFYSRAGLVGMVKLEGLQSSTFTTWTIDTMGFVQQRRKLELFTYMRFDAEFTMLVCAAEEINPYNIQYMYVPPGSGIPTDHDSYLWQSGTNPSIYVKSTDPPAQFSIPFMSTCAAYAWFYDGYPRSYGPDAEALNKSYGILPANQFGTFCMRLLGSALKTTLTVRIYMRPKHIKCWAPRPFRMLPYVEKNRPSYKSPPTDPIKNRTSITTT,,Enterovirus J,unknown host,0
YP_003038636,NC_012957,VP3,Salivirus aklasse,Salivirus,Picornaviridae,Nigeria,Homo sapiens,"National Center for Biotechnology Information, NIH",USA,QHWKTRAVPGAGTYGSVVAGQEIPLVGYAPAAPPRDYLPGRVHNWLEYAARHSWERNLTWTSADEVGDQLVSYPIQPEALANTQTNTAFVLSLFSQWRGSLQISLIFTGPAQCYGRLLLAYTPPSANPPTTIDEANNGTYDVWDVNGDSTYTFTIPFCSQAYWKTVDIGTSSGLVSNNGYFTVFVMNPLVTPGPSPPSATVAAFLHVADDFDVRLPQCPALGFQ,,Salivirus NG-J1,human,1
YP_003038637,NC_012957,VP1,Salivirus aklasse,Salivirus,Picornaviridae,Nigeria,Homo sapiens,"National Center for Biotechnology Information, NIH",USA,SGADGAEVQPAPTSDLSDGNPTTDPAPRDNFDYPHHPVDPSTDLAFYFSQYRWFGLNESLTPLDATGGLFYHISLNPINFQQSSLLSVLGAFTYVYANLSLNINVSAPSQPCTFYVFYAPPGASVPSVQTLAELSFFTHTATPLNLAAPTNITVSIPYSSPQSVLCTSFGGFGLQNGGDAGNLHSNTWGTLILYVDLPQSDSVSVSAYISFRDFEAYVPRQTPGVGPVPTSTSIVRVARPTPKPRTARRQGGTLADLILSPESRCFIVAHTTAPFY,,Salivirus NG-J1,human,1
YP_002956078,NC_012798,VP2,Cosavirus eaustrali,Cosavirus,Picornaviridae,Australia,Homo sapiens,"National Center for Biotechnology Information, NIH",USA,TPSAENSTNMGDRILTLREGNTAISSQATEGILHGYNKETDTSQPTSCGDRASKATPATQRSFIIPLKDWTSSQNSYSALVYRTSHMSKDAVGNLFSKNMNTHAYTKTGWTATLQINTSPFHSGLIGLFMVPEFVRKISDDLEWIDLVAAGFNTTLFKDSNTYNQDSALVGKIDDKNTFDLASTTPEQFFLYPHQLINPKETTMATVSVPYVNVAPSSDPSVHNIWTVVVMVLSPLQIGSGASPNVQMTLTLTPTGSVFNGLRHPKPAAQ,,Cosavirus E,human,1
YP_002956079,NC_012798,VP3,Cosavirus eaustrali,Cosavirus,Picornaviridae,Australia,Homo sapiens,"National Center for Biotechnology Information, NIH",USA,SPFPTRPFHHSFQFSSTVPDVTEPCYGMTVVPPKDFMPAPITDLVSLAKVPTFCTVTENKPYFEVNNNKSDAPVFQSNVVLSDPHYAHTLVAGLGRYFGNYRGSLQFTLISATTSMTRGKLLCCYTPPGADKPTTVEQAMMSTYAIWDLGLQSTFEFVVPFISTVDFRVNVVSTSSAVNVDGWFSIFKLNALTYPANTPPNQHILVMLSGGSDFSYRLPIAPPFNLHSPDPE,,Cosavirus E,human,1
YP_002956080,NC_012798,VP1,Cosavirus eaustrali,Cosavirus,Picornaviridae,Australia,Homo sapiens,"National Center for Biotechnology Information, NIH",USA,PHDNAEKGTSSNHDASLTGGHSVGIKVAHSDTSFFFDRYRYIGTVESTKNTPATVATLTDTNGIIKSFNNLANADNGYKKVLMLAPNPSFCGAAYTVFAMFDQTGTTGAKKRLLFGQGDYHLYRSCPFTYYTADLEVTVVPDAGVAGPWRVTWLPVGAPLDEIEMITSETSNPQSWSFFTEDRKDSSSLYSLNPTFWSNDQNKVSFDIPMTTPLTLLPLYFDGYPDYSNTKGLYGVAPANGFGNIVVKSNTLADKFMVYIRYKNFRGYVPRPLPRLVQ,,Cosavirus E,human,1
YP_002956098,NC_012800,VP2,Cosavirus asiani,Cosavirus,Picornaviridae,,Homo sapiens,"National Center for Biotechnology Information, NIH",USA,SPRTETGMMMEDRVLSRTAGNTSVNSQAAEGVLQAYGTETDSNSPTSCGDDPSKGTHATDRAFVIQLLPWKQTTNSYFAQWVRLTQKLSNNLHGNVMAKNIKSHAFAKMGFEVMLQANTSPFHNGILGLFLVPEFVRKGEITDEWIDLTPTSSLVSNTELYNPQTYANFPFDAKHSFDYSDITPEQFMIFPHQLINPKDTNVATVRVPYINIAPTNDTTVHTVWTAVVMVLVPLNFSSGASPTVSLTLTITPINSVFNGLHHTAQ,,Cosavirus A,human,1
YP_002956099,NC_012800,VP3,Cosavirus asiani,Cosavirus,Picornaviridae,,Homo sapiens,"National Center for Biotechnology Information, NIH",USA,GPIPVRPFHNFQQFSTTVPLRTEPCYGMTVTPPVDYMPLPITDLVELAKVPSFVTVANSDTTSERSFPYFSVSNTEQGRNLFKSSVVLSDLHYQHTLVANLARYFCNYRGSLQFDFIAATTAMTRGKLLISYTPPGAGEPQSIDQAMMGTYAIWDLGLQSTFNFVVPFISASDFRFNTSSVSNALNSDGWITVWLMNPLTYPPSTPPTQQILMLMSAGSDFSYRLPISPGFAE,,Cosavirus A,human,1
YP_002956100,NC_012800,VP1,Cosavirus asiani,Cosavirus,Picornaviridae,,Homo sapiens,"National Center for Biotechnology Information, NIH",USA,GETSEHPMDNAECGKIDDKDAGMFSGHSVGLPTPHTSTSFFYDRYRFVGIVKSVVNNTPKPVNIYDDTGKVKNLQQVFPTSDTLLPHSLMSLSPCASVCGQPISSFLFAQRANPKKTLKLRSGDEFLYRCCPFSYIKCDLEFTVVPPANSTRDYIVHWYPPGATLDAGEVAVGNTSGSNGFDDNGMNAGSSLFSYNPTFHARAPSKVSAVIPFCLPVSLLPLYFDGFPDYSTTKGMYGCSPSFSFGTIYIESGLQETYSVYIRYKDFKGYAPRPLIRTPHIRLSERARYIMAD,,Cosavirus A,human,1
YP_002956109,NC_012801,VP2,Cosavirus bepakis,Cosavirus,Picornaviridae,Pakistan,Homo sapiens,"National Center for Biotechnology Information, NIH",USA,SPKVENSLYTEDRLLTRKAGNTSVNSQAAEGVLQGYGHESDFSNPTSCGDAPSKAVPATSRGYTVHLKDWTSTIYAYYAQLYRISDRIKDPAIGNLFSRNMDAHSFTKTGYEVMLQVNTSPFHSGLIGLFLVPELVRSTGSDLEWMVMTQKLSLYQPPAEEIAHSHYSTQTITPNKNVSFDLADMTAEQMMLFPHQLINPKDTNVATVRVPYVNVAPTSDPRVHNIWTAVIMVVTPLKYADGASPTVQMTLTITPIDTVFNGLHHASSTAQ,,Human cosavirus B,human,1
YP_002956110,NC_012801,VP3,Cosavirus bepakis,Cosavirus,Picornaviridae,Pakistan,Homo sapiens,"National Center for Biotechnology Information, NIH",USA,SPIPTRPFHHSFQFSSTVPDVTEPCYGMTVNPPKDYMPEPVGDLVSLAKVGSLVTVSYPSNSDQPYFEISNTKKDTPLFKCNVLLSDPHFQHTLVSNLGKYFANYRGSLQFSFISATTGMTKGKLLLSYTPPGSGAPTTLEQAMNGTYSIWDIGLQSTFNFVVPYISAVDFRLCAASASSVVNTDGWFTVWLLNSLTYPPGTPPTQNVVVMLSAGEDFSYRNPISPAWTQ,,Human cosavirus B,human,1
YP_002956111,NC_012801,VP1,Cosavirus bepakis,Cosavirus,Picornaviridae,Pakistan,Homo sapiens,"National Center for Biotechnology Information, NIH",USA,SPGSTPHDNAEKGTIENCDASLNSGHSVSLPTPHSNVRFFFDRYRFLGLLESTPNTAPEITSPYDPTSFKVRDLAYMFNVNNTKRPFNALALTPTPSIDGSPITTYLVSSNMAQSDYNYIFTPGDPHLYRSCPFTYFHADLEVTVKPPPELTGRWRVTWYPPGATIDTVTVHLATEASTESSTTTVTSSLSSSGSLFTLNPTFYGKNGFPVSFMIPFCSPLTLLPLYFDGYPDYKRSSGAYGIGPASTFGTLTVDYDGTKQFFSVFIRYKNFRGYIPRPVIRFPTTNPDANVKYITLE,,Human cosavirus B,human,1
YP_002956120,NC_012802,VP2,Cosavirus depakis,Cosavirus,Picornaviridae,Pakistan,Homo sapiens,"National Center for Biotechnology Information, NIH",USA,KPKVENDTNMEDRVITLKAGNTIVNSQASEGVLHGYGIGTNTQRPSSCGDDPSIATHCIERGFTINLADWDKSKESWQALVYRLSDHLKDDTVGNMFSKTLGTHAYTKCGYRVSLQINTSPFHSGLIGLFLVPECCIPASLNMDWIDLKTQLPLLTSSSHYQGLGLSTGQGTISEKGSIDAAGTIPQQLFIYPHQLINPKDTNIASVEVPYVNCAPTSDPMIHNIWTALVVVIAPLQSNASASPTVAMSMTVTPVGAVFNGLRHPAPNVQ,,Cosavirus D,human,1
YP_002956121,NC_012802,VP3,Cosavirus depakis,Cosavirus,Picornaviridae,Pakistan,Homo sapiens,"National Center for Biotechnology Information, NIH",USA,TAIPVRMTQNSGQFSTTLPARMEPCYGLTPNPTRDFLPPVVEDLLSIAKVPCFLLADEDTTKQKPYFLISNASSTQTAVFEMNVILSEYALQRTFVSMFGKFFCNYRGSIQITAWAAVTAMTRGKLLFSYTPPGAGKPQNIKQAMMGTYTIWDLGLQSTLNFTIPYISSVDFRINSRAVASALNADGWLTIWILNPITYPPQTPPQQAILLMASAGSDFSYRLPINPPFVQ,,Cosavirus D,human,1
YP_002956122,NC_012802,VP1,Cosavirus depakis,Cosavirus,Picornaviridae,Pakistan,Homo sapiens,"National Center for Biotechnology Information, NIH",USA,GDIHDNAEKGLTETTDATQFCGAAVGYTTNHSNCEFFFDRYRFVGFIDAVRNNKRSVISVFDSNNKVKRIAELFKEPNKPGNYFTLSPNPAISTTPMSAYIVIDHPSSTSSPYTQYAIATTGDPFFLRSCPFTYFHCDLEVTIKPENAVSGVWRATWYPPGSDLKEDEVVPSFRTTGESGNMSLTVNNRERSTIYNTYPTFYSRDGQCVSFNIPYTSPLSVIPTRFDGYPDYSRTVGAYGVAPANHFGTLTVAANDEGYKFFVYVRYKNFKGYVPKTLPPQPLFLKNSRSLTNE,,Cosavirus D,human,1
YP_001950223,NC_010810,capsid protein VP2,Cardiovirus saffoldi,Cardiovirus,Picornaviridae,,,"National Center for Biotechnology Information, NIH",USA,DQDTEEMTNLSDRVSSDTAGNTATNTQSTVGRLFAFGTRHKGKHPASCADTATDKVLAAERYYTFKIATWSTQKAFDHVRIPFPHVLSGSKGGVFGSTLRRHYLCKCGWRIQVQCNASQFHAGSLLVFMAPEFDTSPYNATTEPTKAVPFQMDTQWQSGKLLGHSYESTTLQGLRPLALNHQNHWQWTVYPHQILNLRTNTTCDLEVPYVNICPTSSWTQHANWVLVVAVLSPLQYSSGSSPNVDITVSVQPVKPVFNGLRHTVLEDQ,,Saffold virus 2,unknown host,0
YP_001950224,NC_010810,capsid protein VP3,Cardiovirus saffoldi,Cardiovirus,Picornaviridae,,,"National Center for Biotechnology Information, NIH",USA,SPIPVTIREHAGTFYSTTPDTTVPIYGKTIATPSDYMCGEFDDLLSLCKIPTFLGNPTTDQRLPYISANNTVGDQPLATYQVTLSCSCMANSMLAAVSRNFNQYRGSLNYLFVFTGSAMAKGKFLISYTPPGAGKPKDREQAMQATYAIWDLGLNSSYNFTVPFISPTHYRQTSYTTPSITSVDGWLSIWQLTPLTYPANTPQSADILTLVSGGDDFTLRMPVTPSKYTPH,,Saffold virus 2,unknown host,0
YP_001950225,NC_010810,capsid protein VP1,Cardiovirus saffoldi,Cardiovirus,Picornaviridae,,,"National Center for Biotechnology Information, NIH",USA,GVDNAEKGKVANDNASADFVAVPIALPENQTKVAFFYDRAVLASALVNAQDLNSNFSLQDAANVMNNALLTPLPSNRLDDSTYGLAEQHRWLSFPTDTKQTPPYKTKQDWNFLMFSPFTYYKCDLEVTLSLNSSDAIGSVVRYTPCGAPVDLSEQTIPYTPSLSDTRDPHMWVVGPGATNQISFVIPYTSPLSVLPAVWFNGFSDFDNKTRFGVAPNADFGRLFVQGADRFSVHYRYKKMRVFCPRPTVFFPWPANSVSKIKSVRPTPVLELQ,,Saffold virus 2,unknown host,0
YP_001816883,NC_009448,capsid protein VP2,Cardiovirus theileri,Cardiovirus,Picornaviridae,USA,,"David Grant USAF Medical Center, CIF",USA,DQNTEEMTNLSDRVSSDTAGNTATNTQSTVGRLFAFGSRHKGKHPASCADTATDKVLAAERYYTLKLVTWTTTQKPFDHVRIPLPHVLAGKQGGVFGSTLRRHYLCKCGWRIQVQCNASQFHAGSLLVFMAPEFDTSSYSAVDDPIGEEPFKVDTTWQTGSLRGHSYEDKSTQTLRPLALNHQNYWQWTVYPHQILNLRTNTTCDLEVPYVNICPTSSWTQHANWTIVVAVLSPLQYAAGSATEVDITLSIQPVKPVFNGLRHSVLEAD,,Saffold virus,unknown host,0
YP_001816884,NC_009448,capsid protein VP3,Cardiovirus theileri,Cardiovirus,Picornaviridae,USA,,"David Grant USAF Medical Center, CIF",USA,SPIPVTVREHAGTFYSTTPDNTVPVYGKTVATPSDYMCGEFTDLLSLCKIPTFLGNVSSTQRLPYFSATNTVPNNALVTYQVSLSCSCMANSMLASVARNFNQYRGSLNYLFVFTGSAMTKGKFLISYTPPGAGKPTTRDQAMQATYAIWDLGLNSSYNFTVPFISPTHYRQTSYTTPSITSVDGWLSVWQLTPLTYPVGCPTNSDILTLVSGGDDFTLRMPISPTKYTPQ,,Saffold virus,unknown host,0
YP_001816885,NC_009448,capsid protein VP1,Cardiovirus theileri,Cardiovirus,Picornaviridae,USA,,"David Grant USAF Medical Center, CIF",USA,GVDNAEKGKVSDDNASADFVAVPIQLPENQTEVSFFYDRAVLASALAVGTNQGLNNSFSLESASGVMNNILLTPLPSDRLKENEFGLDEQHRWLSFQSATSSTPPYRTKQDWNFLMFSPFTYYKCDLEVTLSLNSGSAAGAVVRYVPSGAPVDITTQTMPFTPSLADTRDPHMWLVGAGSTNQISFVLPYTSPLSVLPAVWFNGFSDFSNTSRFGVAPTSDFGRLFVQGSDRFSVHFRYKKMRVFCPRPTVYFPWPSESVSKIHANTPVQILELQ,,Saffold virus,unknown host,0
YP_001718577,NC_010415,1B (VP2),Enterovirus jesimi,Enterovirus,Picornaviridae,,,"National Center for Biotechnology Information, NIH",USA,SPSAEACGYSDRVAQLKLGNTSITTQEAANITVGYGEWPTFLSNVDANAVDAPTHPDVSVNRFYTLKAVXWEKTSTGWYWKLPDCLNQLGVFGQNAQYHYLYRSGFAVHVQCNASKFHQGALLVVAIPEWTQGRGLTSSTNTYMEYSQTNPGKNGGTFNHPYLLDNGTAVSMALIYPHQWINLRTNNCATIVLPYVNNVPSDCALKHNNWTLAVIPISPLNYDAGATPLVPITITIAPMACEFSGLRKAISQ,,Enterovirus J,unknown host,0
YP_001718578,NC_010415,1C (VP3),Enterovirus jesimi,Enterovirus,Picornaviridae,,,"National Center for Biotechnology Information, NIH",USA,GLPAQLTPGSTQFVTTDNDSSQPLIPNFDETTPIHIPGEVRNMLEICQVESILEVNNVTGVNGMSRLLIPISVQSDLDQQIASFRVDPGADGPWQSTLLGNICRYYNQWSGSLEITFMFTGSFMATGKILIGYSPPGGSQPATREDAMLGTYVVWDFGLQSSVTLAIPWISNVMFRNLQSIAGQPYFYAGIVTMWYQTNFVVPDGAPTSADIIALGSAQSNFSLRLLKDSPDISQTAVLN,,Enterovirus J,unknown host,0
YP_001718579,NC_010415,1D (VP1),Enterovirus jesimi,Enterovirus,Picornaviridae,,,"National Center for Biotechnology Information, NIH",USA,GPNPVGQALDKMVTNKIEGLSNTSASDAVIETANTPALQAAETGATSNADDAGLIETRDVINTQRPTETTVQAFYARAGLVGMVDIIHSDSNSPKFASWTIDTMAFVQQRRKLEMFTYMRFAAEFTFVVSTESTTKIPNTMIQYMYVPPGAPIPTTSNGYEWQSGTNPSVIVRMNEAPARVRVPFISPAGAYAWFYDGYTDFGTHPSPNGKGDANYGLNPANQFGTFATRIIGNGAISAIRIRIYMKPTQVRCWIPRAIRTCPYIEKNRPSYNPNKTAIAKNRQSITTT,,Enterovirus J,unknown host,0
YP_001686939,NC_010354,VP2,Aphthovirus reedi,Aphthovirus,Picornaviridae,United Kingdom,Bos taurus,"National Center for Biotechnology Information, NIH",USA,DKKTEETTKLEDRIMTTRHHTDITTTQSTVGITHGYAHSELDQVNAASGTHEHVDHVSRIYMKKLFTWSMSDATGYYHAYPLPDLILTEAREYHNLLKSYALYRNGWEVHVSVVSTMYHSGCLIVAMVPEFVKENTNGSTYNPTFAQLTLYPHQLINLRTNTTASIRVPYVGATDMDDHRLHSVWSLVVGVVVPMTISNGGSDLTSLDVRASFTPLNVKVAGPMPNKQ,,bovine rhinitis B virus 1,Cattle,0
YP_001686940,NC_010354,VP3,Aphthovirus reedi,Aphthovirus,Picornaviridae,United Kingdom,Bos taurus,"National Center for Biotechnology Information, NIH",USA,GIVPVAAKAGYSGFCTTSPITADPVYGKVVNPPRRHIPGRFTNFLDVADACPTMARFTSKPSITTVSGASERLLATIDVSLVSHEMSFTYLAGLSSLYAQYRGSINMHCIYTGFVSDKAKFLLVFVPPGADPPTTLSEAQHCITLEWDTGLNSETVFNIPYISQTYYTSTHSSTADIGNVSGRVQIYQVTAPSSTSELLVLFSSGRDFQLRCPVEPVKQ,,bovine rhinitis B virus 1,Cattle,0
YP_001686941,NC_010354,VP1,Aphthovirus reedi,Aphthovirus,Picornaviridae,United Kingdom,Bos taurus,"National Center for Biotechnology Information, NIH",USA,VTDVGETGRYKILDATQQNGHSANTFRLHTDVSFALDRYALLSVVSGNASNTHQRYTNLDPTKLPADTFMKKLIDSCTYYFSDLEVTVIAKGEVPAWANVIWHPVGAPHTFTNDNLPDDVNVYLTTSSNVSVGFTGPSSSGSIATFAVPYTSFYRVLPTKYAGRTLFVKQEQFEPFNHGGFGEIITTGREATKHRVLIRMKRAEMYCPRALYPSASVTQ,,bovine rhinitis B virus 1,Cattle,0
YP_001552433,NC_009996,VP2,Enterovirus cerhino,Enterovirus,Picornaviridae,Hong Kong,,"National Center for Biotechnology Information, NIH",USA,SPTVEACGMSDRLKQITIGNSTITTQDTLNSILAYGEWPKYLSDLDASSVDKPTHPETSSDRFYTLTSVDWTTTSKGWWWKLPDCLKDMGIFGQNLYHHALGRSGYIIHTQCNATKFNSGCLIVAVVPEHQLAYIGEANVNVGYDHTHPGEGGHVIGSNVRRDNKQPDEDPFFNCNGTLLGNITIFPHQLINLRTNNSSTIVVPYINCVPMDNMLRHNNLSLVIIPIVPLRAANGVTKVPITISIAPDKSEFSGARQSVKQ,,Rhinovirus C,unknown host,0
YP_001552434,NC_009996,VP3,Enterovirus cerhino,Enterovirus,Picornaviridae,Hong Kong,,"National Center for Biotechnology Information, NIH",USA,GLPTRLPSGSQQFLTTEDEQSANLLPDFSVTKIIDIPGRITNILHMAMVDSFMPLNNIETNVGQISIYNVQVTKKTADKPIVVIPMDISNTLFSTTLLGEVLNYFANWSGSISITFMCVCDSFSTGKFLLAYTPPGAALPPDRKTAMLGVHVIWDLGLQSSCTIVVPWMSGTFHRRTKADNYTQAGYVSLWYQTDFVSPNDGIGTIVATCSGCPDLSVRMLRDTPMMKQEKDLTQ,,Rhinovirus C,unknown host,0
YP_001552435,NC_009996,VP1,Enterovirus cerhino,Enterovirus,Picornaviridae,Hong Kong,,"National Center for Biotechnology Information, NIH",USA,NPVEDYIDKVVDTVLQVPNTQPSGPQHSIQPSALGAMEIGASSTTIPGDLIETRYVINSNTNSEALIENFMGRSALWAKIQVANGFAKWDINFQEHAQVRKKFEMFTYARFDMEVTVVTNNTGLVQIMFVPPGIDAPDSIDSRLWDSASNPSVFYQPKSGFPRFTIPFTGLGSAYYMFYDGYDVPRNKSNAVYGITSTNDMGTLCFRAMEDTNEHSIRVFVKPKHTIAWIPRPPRATQYTHKFSTNYHVKKPDDTTGLLIQKHFINHRTDIKTA,,Rhinovirus C,unknown host,0
YP_001497175,NC_009891,VP3,Aquamavirus apinni,Aquamavirus,Picornaviridae,Canada,Pusa hispida,"National Center for Biotechnology Information, NIH",USA,GFVKPETYPIMNIQNPPGAINLASFETALNAPSLALAGEGHLIDTHTPGGYAPISDLIDLSHIPSMVTNDTTDYHYFDWTDTTNKDEIIGKFNFKLNSVPNSAILANSYSFFRGPIIFHVIAAASTMHRGRLRVCFRPNSNQEYSAPQSMAVYYSLLDISQSNCCTLAVPFNSETWMRSTDDVLGRLQIFVNNQLAANRTAANHVYVYVTASLGPDAAFYCPRSGKIEFTDQ,,Seal picornavirus type 1,Seal,0
YP_001497176,NC_009891,VP1,Aquamavirus apinni,Aquamavirus,Picornaviridae,Canada,Pusa hispida,"National Center for Biotechnology Information, NIH",USA,GNFESFLRPPPPEYPVNAIPQKTELFGESHTLVKHLFGRFTYLGYYTPDSGGWKKVALNIPKRGVVNLMRAFCYWSGEAVLCITNNDDAPVEITHTFFDQPDELVDMSSHGSVLVPGKSSVVTAVPFYSLTPVRSLSKPDPFGFLYIAALGTSRKVVVHLAFRNLRLYLFSGFPILDYSKLQ,,Seal picornavirus type 1,Seal,0
YP_164822,NC_006553,VP2,Anativirus aductai,Anativirus,Picornaviridae,,,"National Center for Biotechnology Information, NIH",USA,NPSAEECGYSDRMMQLTAGNSTLITQEAAAGAVIAYGRWPGDTDYSGAAVDLPTRPGPSCDRWYTEDTFYWSKTGLNTTSGGEATGHVVCGGLPGVLIKQGVFGQNCAFHYLWRGGFAVHVQCNASKFHQGMLMVVAIPELEMKNMKPEYFYRWNNYQENPGTTEQAFVPTQLNVFPHQYINLRTNNSATLVLPYVNLCPQSCPVIHSPWVIAIAVMVPLDYSTGATTEVPITVSICPMESEFGGLRNATILQ,,anativirus A1,unknown host,0
YP_164823,NC_006553,VP3,Anativirus aductai,Anativirus,Picornaviridae,,,"National Center for Biotechnology Information, NIH",USA,GVPTFQVPGSQQFMTTLRNDGFPVMPDFEKTHSFNLPGRVRNLLEVAQIPTLVTGLKEGTEGWHRPWLVNIEQSMNSGAQIFQMDMSLMSVNFESTYLGQLARMYAQYRGDVIITLTFCGTAMTTGKILIAYTPPGANPPADRTEAMLGTHVVWDIGLQSSVTMAIPFISTVQARYTGVEESTLSYCGYITAWLQTKLVHPAGVPTTSPIVVYASASNNFTFKCPIDSAYFQGLGDQITSQVE,,anativirus A1,unknown host,0
YP_164824,NC_006553,VP1,Anativirus aductai,Anativirus,Picornaviridae,,,"National Center for Biotechnology Information, NIH",USA,GLMNSIGGALQLPSTTPGVPQISAPPPSNNEGLTITEGGSGNLTAIETGVAQTSAADVQMATRVTKATFSAQDTDVEFFFSRYMLIGSVGSRQGTQDFAKFDMSFEAIKGASRAIRTKFQMFTYMRFDLDVVLEPLEEIPYQVMYCPTGSVVPANSIDNWNTTCNAVITQRPGKNVSFRVPFTSPGNFFATAYNGYNTFDLTGGYAQPPNGKLGTVCIRKMKTTQDTFSFLVYVRPVNIEVFCPRPIVTYNTQVAVTRSKYRIVSVPEESPEASRMHTT,,anativirus A1,unknown host,0
NP_859020,NC_004421,VP3,Kobuvirus bejaponia,Kobuvirus,Picornaviridae,,Bos taurus,"National Center for Biotechnology Information, NIH",USA,HWKTRAVPGSGAFGTAVAGQEIPIYAFETFTPPVDYLPAEVHDWLEYAHRPGWADMFNWTTADTQDTRLALVPVSPAWLSASGTPISFVLDLFTQWRGELTLSLLFTGSSQHYGRLVVCYSPPSGAPPATITEAMRGTYTVWDINSSSTLDFTIPFISQSYWKITNISAPDSLLASFGTLTLWVVAPLVAPSAAPPSATIHAFLSASNSFSVRGMSMPTLALQ,,Kobuvirus bejaponia,Cattle,0
NP_859021,NC_004421,VP1,Kobuvirus bejaponia,Kobuvirus,Picornaviridae,,Bos taurus,"National Center for Biotechnology Information, NIH",USA,AGDGIEAPTPVSNLENGEAAHTPEPRTTFQYSDNPSTPETNLRRYFSVYRPSFMQGNKYGITATAGVHSVTYNPVEWIANAQVGDTLPILLSTFTYFRGDPRVAFTISNPAAYTAQVTFHYFPPGATPYDATSPNASTDLANCFTVDAQIPPTSMDTVCLSFPYLSVLSAIPTSYFGFSNFQGGSDVLNTTLGTIVIYVGWQGDAPTGTALTIYQKIAFGNFRGFVPRNPPKLTAYSQPNMVTKTNAIVKLPVYRPMATTKAMVRRQ,,Kobuvirus bejaponia,Cattle,0
NP_937970,NC_004451,VP2,Sapelovirus besimi,Sapelovirus,Picornaviridae,,,"National Center for Biotechnology Information, NIH",USA,KPDTEESGYSDRLLQLTAGNSCITTQEAAKAVVAYGMWPTYNIDAGEALDLDTRPGPSCDRFYTFDSLNWQNTQYGEWTCPLPGALMDTGVFGQNLRFHYLYRSGFCVHVQVNASSFHQGCLLVAMVPEHQTPKQQNNDFQYYETKEFCGTEYPTEQLTLFPHQFLNLRTNNSVTIVYPYTNCTPSGFGLSHNFVTLVIRIVVPLSYSTGASTQIPITVSVAPMCSSFAGLRSAVKSQ,,Simian sapelovirus 1,unknown host,0
NP_937971,NC_004451,VP3,Sapelovirus besimi,Sapelovirus,Picornaviridae,,,"National Center for Biotechnology Information, NIH",USA,GIPVRQIPGSSQFLTVQRDAGVPLYPEFQKTARFTLPGRVTNYMQVARVPTLMKMPNTMSDGTYLAVDVTQNIRTQAIGKWDMSLIGDLFKPTYLGRLAKMYANYRGSVIIEFMFCGSKMATGKFLVAYTPPGGSSPATREEAMLGTHVIWDIGLQSTCKFVIPYISTSVYRSSMLTNTTLSYDGWITMWYQTAIVVPPNCPSTCQIIGLVSASDNFVFRIPSDNKYYTNNVNISKSATVQ,,Simian sapelovirus 1,unknown host,0
NP_937972,NC_004451,VP1,Sapelovirus besimi,Sapelovirus,Picornaviridae,,,"National Center for Biotechnology Information, NIH",USA,GESDSIPSALNAHIEQAVTSALNTRPQHSHDNGLEIIQGDAPALTAAESGETSDSSGQTSMELRESNAIFSIRETDIEYLYSRYFMFYEQDIVITTADLNKEMINKSFTFDAVAASDPATTRWRAFTYWRFDLDVVVVIYPQIHNGTSPQSMTFQMMFSPPGCEVPEDYSSKVWLSPINPTCITKIQDPPTSFRIPFLSVCNYYTSRYDGDGTFDPSDKQYGVNPGNFIGNLTIKMINNVQPNFTGSYGVRIYVRPVNIEAYMPRPLLAYREGKVVEDYSRYTT,,Simian sapelovirus 1,unknown host,0
NP_740350,NC_003985,VP2 protein,Teschovirus asilesi,Teschovirus,Picornaviridae,,,"National Center for Biotechnology Information, NIH",USA,EPKFEEYKLSDRVDVLQKGTSTIISQNSVGSNTYVSCPKFDVTSVADEGTSGGPAVSRFVTLRAQSWSTSQDVYSFQAAHLPYALVAQETPFKALMSKHQLLKCGWIVQVQINTTRFHGGCIGVFAVPEFSVFSRPDGQLTYTNNRGGSPSDIWDKFSKWHNPDKMYSTWHYHHTFDDTDKHWYKPEEQPYGGISPQSLFCFPHQLINPRTNSSATLCVPYVDCGPITDVTVHCPWAIVIVVLRQLLVANGGTPSVDINVSLAPCNVEYHGLRQSSVYQ,,Teschovirus A,unknown host,0
NP_740351,NC_003985,VP3 protein,Teschovirus asilesi,Teschovirus,Picornaviridae,,,"National Center for Biotechnology Information, NIH",USA,SPIPKADIDASRALFSTTQPYTAAPVYGKIPASSPSYMPGEFLDYVQLAQIPCLVKNREIRVSSTERTKPIFGMPLRPVNDETTNTMLGSVTRMFTQWRGSLVIRCVFVGNQMQNCRLVLAWTSQGFNAPMPTTMAEAMQGHYVIYDTGVDSSVDLVVPYVAPYDFTPVRTPYTKTDFPMLPNSDPVLVDTPYWSKGYVTIWQYTNLASPPNSPALADFLLFVFAGEDYVLKGPSNISSGFQ,,Teschovirus A,unknown host,0
NP_740352,NC_003985,VP1 protein,Teschovirus asilesi,Teschovirus,Picornaviridae,,,"National Center for Biotechnology Information, NIH",USA,GNMDSPLQPAETGCDKAMAPSASNENPVPLSVESIGSSRVSFFWDRYFHISTITKMTNVDPQYLRLNISDILRDPVIRQSLHATYLRCGLSVAVRVMPANPASTECLDGLTLNLLYVPPGSGWNIDKLSATDPIEKAKDSVDNYALPSFTWKPAQTPVFTCSVPYVSFNSVLPAMYSGFETSSKIPKRNNQIPQDFGFGMLVLRSSSTAGLAVSVWVKFENVRLFCPRPGIHDPLAYSRSHPQESREHDEGLSSAMTVMAFQ,,Teschovirus A,unknown host,0
NP_740362,NC_003983,VP2,Erbovirus aequirhi,Erbovirus,Picornaviridae,,Equus caballus,"National Center for Biotechnology Information, NIH",USA,DQDTEDVTRQPDRIVTVLDGNTSRTTQSSVGILRGYNYAPGKHTQPSSAQDTPSKAEQSVERGFTFQLAQWETSRNIWDHLTIPLPMCPGLIKVSGMYKAFIETHAYIKNGWKIQVQCNASQFHSGCLLVAMIPEYLSTAQQDFLGSWRDKTTDSTPGTWVWNTYEAFPPGFPPQQITLFPHQFLNLRTNTTVDLEVPYTNFAPSSSPTLHCPWTLVIVVVSPLQFGTGAPTQVQITTTITPTDFVANGLRQAVAQ,,Equine rhinitis B virus 1,Horse,0
NP_740363,NC_003983,VP3,Erbovirus aequirhi,Erbovirus,Picornaviridae,,Equus caballus,"National Center for Biotechnology Information, NIH",USA,GIPGTQPYDRQFVSSEPSAPPPVYTPSWLPERSFIPGKFTDFLQVAVIPTLAEVSVQNYKPVPSFPVSNVLQTKPLVNTDLTFTSMTFRNTYVSALSLQYTQYRGSICMDLLFTGSAMCQGKFVVCYVPPGREPQSLDEAMQGTYSIWDLGLNSSFKFVVPYISASAYRFTHEDDQPSALNAVGWLQIYQLTNLTFPPNVPTRADVLVFFSAGSDFCLRFPVDTYPRTE,,Equine rhinitis B virus 1,Horse,0
NP_740364,NC_003983,VP1,Erbovirus aequirhi,Erbovirus,Picornaviridae,,Equus caballus,"National Center for Biotechnology Information, NIH",USA,GTENMETGAVGPSDPSETSDSHSFAMPNVVSHTNLEFLFDRYFFSGFANSCDVTANTTHTHSGDTQLNPFVTPNFKLDKTVRDYMLRAFTYFTADLGVAVQPTSVSSKPLPAVDYWVGWRPVGAPEPKLLAFSAPSPGDTVTAVKRSSVLSGGFCPIIHSVIGQGLNQVQMSIPYTTPLSAIPTSYCGYADYKKKPRLFGHPPAAHFGTLSIRVRNVDLLPEQTKKEDDPLVDLRFALFTRFRNLKAYAPRPFTRVPNSPHEQGTASRTLVRTNHITAEFVEKTPLNGLAAVFTSLSTSGYSTKLVSEPIPEATLSTILSEGAT,,Equine rhinitis B virus 1,Horse,0
NP_740425,NC_001366,capsid protein VP2,Cardiovirus theileri,Cardiovirus,Picornaviridae,,,"National Center for Biotechnology Information, NIH",USA,DQNTEEMENLSDRVASDKAGNSATNTQSTVGRLCGYGKSHHGEHPTSCADAATDKVLAAERYYTIDLASWTTSQEAFSHIRIPLPHVLAGEDGGVFGATLRRHYLCKTGWRVQVQCNASQFHAGSLLVFMAPEFYTGKGTKSGTMEPSDPFTMDTTWRSPQSAPTGYRYDRQAGFFAMNHQNQWQWTVYPHQILNLRTNTTVDLEVPYVNVAPSSSWTQHANWTLVVAVLSPLQYATGSSPDVQVTASLQPVNPVFNGLRHETVLAQ,,Theilovirus,unknown host,0
NP_740426,NC_001366,capsid protein VP3,Cardiovirus theileri,Cardiovirus,Picornaviridae,,,"National Center for Biotechnology Information, NIH",USA,SPIPVTVREHQGCFYSTNPDTTVPIYGKTISTPSDYMCGEFSDLLELCKLPTFLGNPSTDNKRYPYFSATNSVPATSLVDYQVALSCSCTANSMLAAVARNFNQYRGSLNFLFVFTGAAMVKGKFLIAYTPPGAGKPTTRDQAMQATYAIWDLGLNSSFNFTAPFISPTHYRQTSYTSPTITSVDGWVTVWQLTPLTYPSGTPTHSDILTLVSAGDDFTLRMPISPTKWVPQ,,Theilovirus,unknown host,0
NP_740427,NC_001366,capsid protein VP1,Cardiovirus theileri,Cardiovirus,Picornaviridae,,,"National Center for Biotechnology Information, NIH",USA,GIDNAEKGKVSNDDASVDFVAEPVKLPENQTRVAFFYDRAVPIGMLRPGQNMETTFSYQENDFRLNCLLLTPLPSYCPDSSSGPVRTKAPVQWRWVRSGGANGANFPLMTKQDYAFLCFSPFTYYKCDLEVTVSAMGAGTVSSVLRWAPTGAPADVTDQLIGYTPSLGETRNPHMWIVGSGNSQISFVVPYNSPLSVLPAAWFNGWSDFGNTKDFGVAPTSDFGRIWIQGNSSASVRIRYKKMKVFCPRPTLFFPWPTPTTTKINADNPVPILELE,,Theilovirus,unknown host,0
NP_740436,NC_001918,VP3,Kobuvirus aichi,Kobuvirus,Picornaviridae,,Homo sapiens,"National Center for Biotechnology Information, NIH",USA,QHWKTRAVPGAGTFGSAVAGQELPLCGVRAYYPPNAYIPAQVRDWLEFAHRPGLMATVPWTMADEPAERLGIFPVSPSAIAGTGAPISYVISLFSQWRGELAAHLLFTGSAQHYGRLVVCYTPAAPQPPSTMQEAMRGTYTVWDVNAASTLEFTIPFISNSYWKTVDVNNPDALLSTTGYVSIWVQNPLVGPHTAPASALVQAFISAGESFNVRLMQNPALTSQ,,Aichi virus 1,human,1
NP_740437,NC_001918,VP1,Kobuvirus aichi,Kobuvirus,Picornaviridae,,Homo sapiens,"National Center for Biotechnology Information, NIH",USA,TLTEDLDAPQDTGNIENGAADNSPQPRTTFDYTGNPLPPDTKLENFFSFYRLLPMGGSGAPSLSFPADEGTIIPLDPINWLKGADVSGIAAMLSCFTYIAADLRITLRFSNPNDNPATMLVAFAPPGATIPLKPTRQMLSNFYMAEVPVSAATSTMVSFSIPYTSPLSAIPTSYFGWEDWSGTNFGQLSSGSWGNLMLIPSLSVDSAIPFDFQLSCWVAFGNFKAWVPRPPPPLPPLPTPAANAERTVAVIKQGAASATPDVDPDDRVYIVRAQRPTY,,Aichi virus 1,human,1
NP_740446,NC_001859,VP2,Enterovirus eibovi,Enterovirus,Picornaviridae,,,"National Center for Biotechnology Information, NIH",USA,SPSAEACGYSDRVAQLTLGNSTITTQEAANICVAYGCWPAKLSDTDATSVDKPTEPGVSAERFYTLRSKPWQADSKGWYWKLPDALNNTGMFGQNAQFHYIYRGGWAVHVQCNATKFHQGTLLVLAIPEHQIATQEQPAFDRTMPGSEGGTFQEPFWLEDGTSLGNSLIYPHQWINLRTNNSATLILPYVNAIPMDSAIRHSNWTLAIIPVAPLKYAAETTPLVPITVTIAPMETEYNGLRRAIASNQ,,Enterovirus E,unknown host,0
NP_740447,NC_001859,VP3,Enterovirus eibovi,Enterovirus,Picornaviridae,,,"National Center for Biotechnology Information, NIH",USA,GLPTKPGPGSYQFMTTDEDCSPCILPDFQPTPEIFIPGKVNNLLEIAQVESILEANNREGVEGVERYVIPVSVQDALDAQIYALRLELGGSGPLSSSLLGTLAKHYTQWSGSVEITCMFTGTFMTTGKVLLAYTPPGGDMPRNREEAMLGTHVVWDFGLQSSITLVIPWISASHFRGVSNDDVLNYQYYAAGHVTIWYQTNMVIPPGFPNTAGIIMMIAAQPNFSFRIQKDREDMTQTAILQ,,Enterovirus E,unknown host,0
NP_740448,NC_001859,VP1,Enterovirus eibovi,Enterovirus,Picornaviridae,,,"National Center for Biotechnology Information, NIH",USA,NDPGKMLKDAIDKQVAGALVAGTTTSTHSVATDSTPALQAAETGATSTARDESMIETRTIVPTHGIHETSVESFFGRSSLVGMPLLATGTSITNWRIDFREFVQLRAKMSWFTYMRFDVEFTIIATSSTGQNVTTEQHTTYQVMYVPPGAPVPSNQDSFQWQSGCNPSVFADTDGPPAQFSVPFMSSANAYSTVYDGYARFMDTDPDRYGILPSNFLGFMYFRTLEDAAHQVRFRICAKIKHTSCWIPRAPRQAPYKKRYNLVFSGDSDRICSNRASLTSY,,Enterovirus E,unknown host,0
NP_740469,NC_002058,coat protein VP2,Enterovirus coxsackiepol,Enterovirus,Picornaviridae,,,"National Center for Biotechnology Information, NIH",USA,SPNIEACGYSDRVLQLTLGNSTITTQEAANSVVAYGRWPEYLRDSEANPVDQPTEPDVAACRFYTLDTVSWTKESRGWWWKLPDALRDMGLFGQNMYYHYLGRSGYTVHVQCNASKFHQGALGVFAVPEMCLAGDSNTTTMHTSYQNANPGEKGGTFTGTFTPDNNQTSPARRFCPVDYLLGNGTLLGNAFVFPHQIINLRTNNCATLVLPYVNSLSIDSMVKHNNWGIAILPLAPLNFASESSPEIPITLTIAPMCCEFNGLRNITLPRLQ,,Enterovirus C,unknown host,0
NP_740516,NC_001490,1B (VP2),Enterovirus betarhino,Enterovirus,Picornaviridae,,,"National Center for Biotechnology Information, NIH",USA,SPNVEACGYSDRVQQITLGNSTITTQEAANAVVCYAEWPEYLPDVDASDVNKTSKPDTSVCRFYTLDSKTWTTGSKGWCWKLPDALKDMGVFGQNMFFHSLGRSGYTVHVQCNATKFHSGCLLVVVIPEHQLASHEGGNVSVKYTFTHPGERGIDLSSANEVGGPVKDVIYNMNGTLLGNLLIFPHQFINLRTNNTATIVIPYINSVPIDSMTRHNNVSLMVIPIAPLTVPTGATPSLPITVTIAPMCTEFSGIRSKSIVPQ,,rhinovirus B14,unknown host,0
NP_740517,NC_001490,1C (VP3),Enterovirus betarhino,Enterovirus,Picornaviridae,,,"National Center for Biotechnology Information, NIH",USA,GLPTTTLPGSGQFLTTDDRQSPSALPNYEPTPRIHILGKVHNLLEIIQVDTLIPMNNTHTKDEVNSYLIPLNANRQNEQVFGTNLFIGDGVFKTTLLGEIVQYYTHWSGSLRFSSMYTGPALSSAKLTLAYTPPGARGPQDRREAMLGTHVVWDIGLQSTIVMTIPWTSGVQFRYTDPDTYTSAGFLSCWYQTSLILPPETTGQVYLLSFISACPDFKLRLMKDTQTISQTVALTE,,rhinovirus B14,unknown host,0
NP_740518,NC_001490,1D (VP1),Enterovirus betarhino,Enterovirus,Picornaviridae,,,"National Center for Biotechnology Information, NIH",USA,GLGDELEEVIVEKTKQTVASISSGPKHTQKVPILTANETGATMPVLPSDSIETRTTYMHFNGSETDVECFLGRAACVHVTEIQNKDATGIDNHREAKLFNDWKINLSSLVQLRKKLELFTYVRFDSEYTILATASQPDSANYSSNLVVQAMYVPHGAPKSKRVGDYTWQSASNPSVFFKVGDTSRFSVPYVGLASAYNCFYDGYSHDDAETQYGITVLNHMGSMAFRIVNEHDEHKTLVKIRVYHRAKLVEAWIPRAPRALPYTSIGRTNYPKNTEPVIKKRKGDIKSY,,rhinovirus B14,unknown host,0
NP_740527,NC_001612,VP2 (1B),Enterovirus alphacoxsackie,Enterovirus,Picornaviridae,,,"National Center for Biotechnology Information, NIH",USA,SPSAEACGYSDRVAQLTIGNSTITTQEAANIIIAYGEWPEYCKDADATAVDKPTRPDVSVNRFFTLDTKSWAKDSKGWYWKFPDVLTEVGVFGQNAQFHYLYRSGFCVHVQCNASKFHQGALLVAILPEYVLGTIAGGDGNENSHPPYVTTQPGQVGAVLTNPYVLDAGVPLSQLTVCPHQWINLRTNNCATIIVPYMNTVPFDSALNHCNFGLIVVPVVPLDFNAGATSEIPITVTIAPMCAEFAGLRQAIKQ,,Enterovirus A,unknown host,0
NP_740528,NC_001612,VP3 (1C),Enterovirus alphacoxsackie,Enterovirus,Picornaviridae,,,"National Center for Biotechnology Information, NIH",USA,GIPTELKPGTNQFLTTDDGVSAPILPGFHPTPAIHIPGEVRNLLEICRVETILEVNNLQSNETTPMQRLCFPVSVQSKTGELCAVFRADPGRNGPWQSTILGQLCRYYTQWSGSLEVTFMFAGSFMATGKMLIAYTPPGGGVPADRLTAMLGTHVIWDFGLQSSVTLVIPWISNTHYRAHAKDGYFDYYTTGTITIWYQTNYVVPIGAPTTAYIVALAAAQDNFTMKLCKDTEDIEQSANIQ,,Enterovirus A,unknown host,0
NP_740529,NC_001612,VP1 (1D),Enterovirus alphacoxsackie,Enterovirus,Picornaviridae,,,"National Center for Biotechnology Information, NIH",USA,GDGIADMIDQAVTSRVGRALTSLQVEPTAANTNASEHRLGTGLVPALQAAETGASSNAQDENLIETRCVLNHHSTQETTIGNFFSRAGLVSIITMPTTGTQNTDGYVNWDIDLMGYAQMRRKCELFTYMRFDAEFTFVAAKPNGELVPQLLQYMYVPPGAPKPTSRDSFAWQTATNPSIFVKLTDPPAQVSVPFMSPASAYQWFYDGYPTFGAHPQSNDADYGQCPNNMMGTFSIRTVGTEKSPHSITLRVYMRIKHVRAWIPRPLRNQPYLFKTNPNYKGNDIKCTSTSRDKITTL,,Enterovirus A,unknown host,0
NP_740538,NC_001472,1B(VP2),Enterovirus betacoxsackie,Enterovirus,Picornaviridae,,,"National Center for Biotechnology Information, NIH",USA,SPSAEECGYSDRVRSITLGNSTITTQECANVVVGYGVWPEYLKDNEATGEDQPTQPDVATCRFYTLESVQWMKNSAGWWWKLPDALSQMGLFGQNMQYHYLGRTGYTIHVQCNASKFHQGCLLVVCVPEAEMGCSNLNNTPKFAELSGGDNARMFTDTEVGTSNDKKVQTAVWNAGMGVGVGNLTIFPHQWINLRTNNSATIVMPYINSVPMDNMYRHNNLTLMIIPFVPLNYSEGSSPYVPITVTIAPMCAEYNGLRLASSQ,,Enterovirus B,unknown host,0
NP_740539,NC_001472,1C(VP3),Enterovirus betacoxsackie,Enterovirus,Picornaviridae,,,"National Center for Biotechnology Information, NIH",USA,GLPVMTTPGSTQFLTSDDFQSPSAMPQFDVTPEMQIPGRVNNLMEIAEVDSVVPVNNTDNNVNGLKAYQIPVQSNSDNRRQVFGFPLQPGANNVLNRTLLGEILNYYTHWSGSIKLTFMFCGSAMATGKFLLAYSPPGAGVPKNRRDAMLGTHVIWDVGLQSSCVLCVPWISQTHYRYVVEDEYTAAGYVTCWYQTNIIVPADVQSTCDILCFVSACNDFSVRMLKDTPFIRQDNFYQ,,Enterovirus B,unknown host,0
NP_740540,NC_001472,1D(VP1),Enterovirus betacoxsackie,Enterovirus,Picornaviridae,,,"National Center for Biotechnology Information, NIH",USA,GPVEESVERAMVRVADTVSSKPTNSESIPALTAAETGHTSQVVPSDTMQTRHVKNYHSRSESSIENFLCRSACVYYATYNNNSEKGYAEWVINTRQVAQLLRRKLEFTYLRFDLELTFVITSAQEPSTATSVDAPVQTQQIMYVPPGGPVPTKVTDYAWQTSTNPSVFWTEGNAPPRMSIPFISIGNAYSCFYDGWTQFSRNGVYGINTLNNMGTLYMRHVNEAGQGPIKSTVRIYFKPKHVKAWVPRPPRLCQYEKQKNVNFNPTGVTTTRSNITTT,,Enterovirus B,unknown host,0
AQU14356,KY115200,VP1,Enterovirus alphacoxsackie,Enterovirus,Picornaviridae,Thailand,,"Ubon Ratchathani University, College of Medicine and Public Health",Thailand,MGDRVADVIESSIGDSVSRALTQALPAPTGQNTQVSSHRLDTGKVPALQAAEIGASSNASDESMIETRCVLNSHSTAETTLDSFFSRAGLVGEIDLPLEGTTNPNGYANWDIDITGYAQMRRKVELFTYMRFDAEFTFVACTPTGEVVPQLLQYMFVPPGAPKPDSRESLAWQTATNPSVFVKLSDPPAQVSVPFMSPASAYQWFYDGYPTFGEHKQEKDLEYGACPNNMMGTFSVRTVGTSKSKYPLVIRIYMRMKHVRAWIPRPMRNQNYLFKANPNYAGNSIKPTGASRTAITTLSR,CCATGGGCGACCGCGTGGCCGACGTGATCGAGTCCTCCATCGGCGACTCCGTGTCCCGCGCCCTGACCCAGGCCCTGCCGGCCCCGACCGGCCAGAACACCCAGGTGTCCTCCCACCGCCTGGACACCGGCAAGGTGCCGGCCCTGCAGGCCGCCGAGATCGGCGCCTCCTCCAACGCCTCCGACGAGTCCATGATCGAGACCCGCTGCGTGCTGAACTCCCACTCCACCGCCGAGACCACCCTGGACTCCTTCTTCTCCCGCGCCGGCCTGGTGGGCGAGATCGACCTGCCGCTGGAGGGCACCACCAACCCGAACGGCTACGCCAACTGGGACATCGACATCACCGGCTACGCCCAGATGCGCCGCAAGGTGGAGCTGTTCACCTACATGCGCTTCGACGCCGAGTTCACCTTCGTGGCCTGCACCCCGACCGGCGAGGTGGTGCCGCAGCTGCTGCAGTACATGTTCGTGCCGCCGGGCGCCCCGAAGCCGGACTCCCGCGAGTCCCTGGCCTGGCAGACCGCCACCAACCCGTCCGTGTTCGTGAAGCTGTCCGACCCGCCGGCCCAGGTGTCCGTGCCGTTCATGTCCCCGGCCTCCGCCTACCAGTGGTTCTACGACGGCTACCCGACCTTCGGCGAGCACAAGCAGGAGAAGGACCTGGAGTACGGCGCCTGCCCGAACAACATGATGGGCACCTTCTCCGTGCGCACCGTGGGCACCTCCAAGTCCAAGTACCCGCTGGTGATCCGCATCTACATGCGCATGAAGCACGTGCGCGCCTGGATCCCGCGCCCGATGCGCAACCAGAACTACCTGTTCAAGGCCAACCCGAACTACGCCGGCAACTCCATCAAGCCGACCGGCGCCTCCCGCACCGCCATCACCACCCTGTCTAGA,Enterovirus A71,unknown host,0
AIU98647,KM267028,VP1,Avihepatovirus ahepati,Avihepatovirus,Picornaviridae,China,Anatidae,"Institute of Poultry Science, Shandong Academy of Agricultural Science",China,GDSNQLGDDEPVCFLNFETANVPIQGESHTLVKHLFGRQWLVRTVQHTSEVQELDLPVPDQGHASLLRFFAYFSGEVILTIVNNGTTPCMVAHSYTMDNLTSEYAVTAMGGILIPANSAKNINIPFYSVTPLRPTRPMPAFQGGGLTFGRLYIWTQSGSVSVFMGLHKPALFFPLPAPTYTTHTQLNNIETMNLHNQSDQPDCHLCKICKKMKKWSRNHRPFRFCLRLKTLAFELHLEIE,GGTGATTCCAATCAGCTTGGCGATGATGAACCAGTGTGTTTTCTCAATTTTGAGACTGCAAATGTGCCAATACAAGGGGAGTCACACACTTTGGTGAAACATCTTTTTGGTCGTCAATGGCTGGTTCGTACTGTTCAACATACTAGTGAGGTACAAGAGTTGGATTTGCCAGTACCTGACCAGGGTCACGCATCTCTGTTGCGCTTCTTTGCCTACTTCTCTGGAGAAGTGATTCTGACCATTGTCAATAATGGAACAACACCATGCATGGTTGCACACTCTTATACAATGGACAATCTCACTTCTGAATATGCTGTCACTGCCATGGGGGGTATTCTTATCCCAGCAAACTCTGCCAAGAATATTAATATTCCATTTTATTCTGTTACACCTTTACGCCCCACACGACCCATGCCAGCATTTCAGGGGGGTGGTTTGACTTTTGGCAGGTTGTATATTTGGACACAATCAGGAAGCGTTTCTGTTTTTATGGGCCTCCACAAACCAGCTTTGTTTTTTCCACTGCCTGCACCAACTTACACAACACACACACAGTTGAATAACATTGAAACCATGAATCTGCATAATCAATCAGATCAGCCAGACTGCCACCTGTGTAAGATTTGCAAGAAAATGAAGAAATGGTCTCGCAACCATCGCCCATTTCGCTTCTGTTTGAGACTTAAAACACTTGCCTTTGAGCTCCATCTGGAAATTGAA,Duck hepatitis A virus 3,Birds,0
AHV79176,KF015730,VP1 protein,Enterovirus betacoxsackie,Enterovirus,Picornaviridae,China,Homo sapiens,"Institute of Medical Biology, Chinese Academy of Medical Sciences and Peking Union Medical, Molecular Epidemiology",China,NDPESAINKAVGRVADTVASGPVNTEQIPALTAVETGHTSQVVPSDTMQTRHVINYHTRSESSIENFMGRAACVYIAQYATEKVNDELDRYTNWEITTRQVAQLRRKLEMFTYMRFDLEITFVITSSQRTSTTYASDSPPLTHQVMYVPPGGPIPKSYEDFAWQTSTNPSVFWTEGNAPPRMSIPFMSVGNAYCNFYDGWSHFSQSGVYGYTTLNNMGHLYFRHVNKSTAYPVNSVARVYFKPKHVKAWVPRAPRLCPYLYARNVNFDVQGVTESRDKITLDRSTHNPLTNT,AATGACCCTGAAAGTGCAATCAACAAGGCCGTAGGTAGAGTGGCCGACACAGTGGCCAGTGGACCTGTCAACACCGAGCAAATCCCTGCCTTGACAGCAGTGGAAACAGGACACACATCACAAGTAGTTCCGAGTGACACGATGCAAACACGGCATGTGATCAATTACCACACCAGATCAGAGTCGTCAATAGAAAACTTCATGGGTAGAGCGGCGTGCGTGTATATCGCTCAGTACGCTACAGAGAAAGTCAATGATGAGCTAGACAGGTATACCAACTGGGAGATAACAACCAGACAAGTGGCGCAACTGAGGCGTAAGCTGGAAATGTTCACATACATGAGATTCGATCTTGAGATTACATTTGTCATCACCAGCTCCCAGCGCACTTCCACCACATACGCATCAGACTCCCCTCCACTAACACACCAGGTGATGTACGTACCACCGGGAGGTCCAATCCCCAAAAGTTATGAGGATTTTGCATGGCAGACATCCACTAACCCAAGCGTGTTCTGGACGGAAGGTAATGCCCCCCCCAGGATGTCGATACCATTCATGAGCGTTGGTAATGCATACTGTAATTTCTATGATGGATGGTCTCACTTCAGTCAGAGCGGTGTCTATGGATATACCACCTTGAATAACATGGGTCACTTATACTTTAGACATGTGAACAAATCGACTGCTTACCCAGTTAACAGTGTTGCTCGTGTATACTTCAAACCCAAGCATGTCAAGGCCTGGGTGCCACGCGCACCACGTTTGTGTCCGTATTTGTATGCAAGGAATGTCAACTTTGATGTGCAAGGGGTGACCGAGTCCCGGGACAAAATTACTCTTGACCGATCAACCCATAATCCTCTGACAAACACT,Echovirus E30,human,1
AHV79177,KF015731,VP1 protein,Enterovirus betacoxsackie,Enterovirus,Picornaviridae,China,Homo sapiens,"Institute of Medical Biology, Chinese Academy of Medical Sciences and Peking Union Medical, Molecular Epidemiology",China,GDVEEAVNRAVARVADTLPTGPRNSESIPALTAAETGHTSQVVPGDTMQTRHVKNYHSRTESSVENFLCRAACVYITKYKTKDSDPVQRYASWRINTRQMVQLRRKFELFTYLRFDMEVTFVITSSQDDGTQLAQDMPVLTHQVMYIPPGGPVPNSVTDFAWQSSTNPSIFWTEGNAPARMSIPFISIGNAYSNFYDGWSHFTQDGVYGFNSLNNMGSIYIRHVNEQSPHAITSTVRVYFKPKHVRAWVPRPPRLCAYEKSSNVNFKPTDVTTTRSSITEVPSLRPSLQNT,GGGGATGTAGAGGAAGCCGTGAATAGAGCTGTAGCACGTGTAGCAGACACCCTACCAACAGGGCCAAGGAATTCAGAAAGCATTCCCGCCTTAACAGCAGCGGAAACTGGGCACACGTCTCAAGTGGTACCAGGGGATACAATGCAAACCCGCCATGTGAAGAACTACCACTCTAGAACTGAATCATCAGTGGAAAACTTTCTCTGCCGCGCAGCATGTGTGTACATCACAAAGTATAAGACCAAAGACAGTGATCCAGTGCAAAGGTACGCTAGTTGGCGCATCAACACTCGACAGATGGTACAATTAAGGAGGAAGTTTGAACTGTTCACATACTTGAGGTTCGACATGGAAGTTACTTTTGTCATCACTAGCTCACAGGACGATGGGACACAGCTCGCGCAGGATATGCCGGTTTTAACACACCAAGTTATGTATATACCACCAGGAGGCCCGGTTCCCAATAGCGTTACTGACTTCGCATGGCAATCATCTACCAACCCTAGTATCTTTTGGACGGAGGGCAATGCGCCTGCGAGAATGTCCATACCATTCATCAGCATCGGCAACGCATATAGCAATTTTTACGATGGTTGGTCACATTTCACACAAGACGGGGTGTACGGATTTAACTCCCTAAACAACATGGGCTCTATATATATTAGACACGTGAATGAACAAAGCCCCCACGCAATCACGAGCACTGTGAGAGTATACTTCAAACCAAAACATGTGAGAGCGTGGGTCCCGAGACCACCAAGGTTATGTGCATATGAAAAGTCCAGCAACGTAAACTTCAAACCTACGGACGTAACCACCACACGCTCATCCATCACTGAAGTTCCCAGTCTAAGACCATCATTACAGAACACT,Echovirus E12,human,1
AHV79178,KF015732,VP1 protein,Enterovirus betacoxsackie,Enterovirus,Picornaviridae,China,Homo sapiens,"Institute of Medical Biology, Chinese Academy of Medical Sciences and Peking Union Medical, Molecular Epidemiology",China,GDVHDAVVGAMTRVADTISSGPSNSESVPALTAAETGHTSQVVPSDTMQTRHVHNFHTRSESSIENFMSRSACVYYTKYKTKDTDPSEMYSSWKVTTRQVAQLRRKMEMFTYLRFDVEVTFVITSSQDQSTSVAQDAPVLTHQIMYIPPGGPVPKSARDYSWQSSTNPSVFWTEGNAPPRMSIPFISIGGAYSSFYDGWSHFNQQGPYGYNTLNDMGQLYFRHVNEGSPGAVTSYVRIYFKPKHVRAWVPRPPRLCQYEKQGSVDFKVQGVTDARTSLTTT,GGGGACGTGCATGACGCCGTGGTTGGAGCCATGACACGTGTCGCCGACACCATTAGTAGCGGGCCCAGCAATTCAGAGAGTGTACCGGCCTTGACAGCGGCTGAAACCGGGCATACTTCACAAGTGGTACCAAGCGACACTATGCAAACTAGGCACGTCCATAACTTCCATACTAGATCAGAATCATCCATTGAGAATTTCATGAGTCGGTCTGCGTGTGTTTATTACACCAAGTATAAGACAAAAGATACGGACCCATCAGAAATGTACTCCAGTTGGAAGGTTACCACCAGGCAGGTTGCTCAGCTTAGAAGAAAAATGGAGATGTTCACGTACTTGCGCTTTGATGTGGAGGTTACGTTTGTGATTACTAGTTCGCAAGATCAATCCACAAGTGTAGCCCAGGATGCCCCAGTCTTAACACATCAAATAATGTACATACCACCTGGAGGCCCGGTGCCTAAGTCAGCTAGAGATTACTCGTGGCAATCATCCACTAACCCGAGTGTCTTTTGGACCGAGGGTAATGCACCACCACGAATGTCTATCCCCTTCATTAGTATTGGAGGGGCCTACAGCTCTTTCTACGATGGATGGTCTCACTTCAATCAACAAGGCCCATATGGATACAACACACTCAATGATATGGGCCAGTTGTACTTCAGACACGTGAATGAGGGTAGCCCAGGAGCAGTGACAAGCTATGTCAGGATATACTTCAAGCCCAAGCACGTCAGAGCATGGGTTCCCAGACCACCAAGGTTATGCCAGTATGAGAAACAAGGAAGTGTCGACTTTAAAGTCCAAGGTGTAACTGATGCACGCACGTCACTTACCACAACG,Echovirus E20,human,1
AHV79179,KF015733,VP1 protein,Enterovirus alpharhino,Enterovirus,Picornaviridae,China,Homo sapiens,"Institute of Medical Biology, Chinese Academy of Medical Sciences and Peking Union Medical, Molecular Epidemiology",China,NPVERYIDGVLNEVLVVPNTNESHPSTSNAAPALDAAETGHTSNVQPEDMIETRYVLNSQTRDEMSIESFLGRSGCIHISHLEVKYTGYNEEGNNFNIWPINLKEMAQIRRKFELFTYLRFDSEITLVPCIASQSENIGHVVMQYMYVPPGAPKPEKRDDYTWQSGTNASVFWQHGQPYPRFSLPFLSVASAYYMFYDGYDGGPGSRYGAVVTNDMGTLCSRIVTEEHQTQVKITTRVYHKAKHVKAWCPRPPRALGYTHTHVTNYKPSTGEYTLPIPTRANPRQILNV,AACCCAGTGGAGAGATACATTGATGGTGTGTTGAATGAAGTGTTAGTTGTTCCAAACACAAATGAAAGCCACCCCAGTACATCAAATGCTGCACCAGCACTAGATGCTGCTGAAACTGGACACACAAGTAATGTACAACCAGAAGACATGATAGAAACACGCTATGTGTTAAATTCACAAACTAGAGATGAAATGAGCATTGAAAGTTTTCTGGGAAGATCTGGTTGTATACACATATCACACCTGGAGGTGAAATACACAGGGTATAATGAAGAGGGTAATAACTTTAATATATGGCCAATTAACCTCAAAGAAATGGCTCAGATAAGAAGGAAATTCGAGCTATTTACATACCTTAGGTTTGATTCAGAAATAACTTTAGTACCATGTATAGCTTCACAAAGTGAGAACATTGGTCATGTAGTCATGCAATACATGTATGTCCCCCCTGGGGCTCCTAAACCTGAAAAGAGAGATGATTATACATGGCAATCTGGCACTAATGCATCTGTTTTCTGGCAGCACGGCCAACCTTACCCCCGATTCTCACTTCCTTTTCTCAGTGTGGCTTCAGCATATTACATGTTTTATGATGGGTATGATGGAGGGCCTGGGTCTCGTTATGGAGCAGTGGTAACAAATGACATGGGTACGCTGTGTTCCAGAATTGTTACTGAAGAACATCAAACACAGGTTAAAATTACAACTAGGGTGTACCACAAGGCAAAACATGTGAAGGCATGGTGTCCACGTCCTCCAAGAGCTCTTGGCTACACACACACACATGTGACCAATTACAAACCATCTACAGGAGAATATACACTACCCATCCCAACAAGAGCCAATCCTAGACAAATTTTGAATGTA,rhinovirus A22,human,1
AAD26458,AF136371,VP1,Aphthovirus vesiculae,Aphthovirus,Picornaviridae,India,Bos taurus,"Indian Veterinary Research Institute, Mukteswar, Central Laboratory, All India Coordinated Research Project on Foot-and-mouth Disease, I.V.R.I, Mukteswar-Kumaon, Veterinary Virology",India,RGDLGPPALRIAAQLPASFNFGAIQGTTIHELLVRMKRAELYCPRPLLAVEVSSQDRHKQKIIAPAKQLL,CGGGGTGATCTAGGGCCTCCTGCGCTGAGAATCGCTGCACAACTTCCTGCCTCCTTTAACTTTGGTGCAATCCAAGGCACGACCATCCACGAGCTCCTCGTGCGCATGAAGCGTGCCGAGCTCTACTGCCCCAGGCCACTGCTGGCAGTAGAGGTGTCTTCTCAAGACAGACACAAACAGAAGATCATTGCACCTGCCAAACAACTCCTG,Foot-and-mouth disease virus A,Cattle,0
